asn,count
16509,77203
63949,29895
13335,29218
0,14189
37963,12876
14618,11061
4134,9247
45090,8665
8075,7549
20940,7155
24940,6293
396982,4780
14061,3236
45102,3234
4837,3176
132203,2668
31898,2590
26658,2497
16276,2105
3462,1923
51167,1817
4808,1655
3320,1327
55990,1267
174,1234
4812,1205
20473,1155
8560,1146
7922,970
4766,889
9808,872
47447,864
6724,764
36352,764
34788,760
395954,735
197540,710
51468,632
6805,602
46606,573
136907,573
7018,557
18978,502
133180,502
45064,500
9318,495
197019,479
4538,473
15169,454
3209,442
20857,416
140107,412
12322,407
399674,407
12824,400
48635,398
47583,385
701,377
7552,363
138950,361
49505,333
12876,328
25820,325
40065,325
34762,320
56046,311
398101,308
200350,306
138915,301
8796,296
5089,291
38283,281
135097,279
3215,271
17621,271
40021,266
48854,257
328608,257
135377,256
57169,256
4847,254
23959,247
134548,241
29873,239
5650,234
213230,233
45012,231
55933,230
19871,228
9506,221
577,219
136800,217
8972,216
26496,213
1136,209
206509,208
58461,208
396105,206
2856,206
38186,206
63859,204
15967,203
35916,198
44477,196
3786,191
7539,189
32097,184
8151,180
8881,178
29802,178
209,177
22612,176
21499,175
3352,171
58519,171
206281,170
136188,164
3269,163
22773,162
58563,155
15817,151
680,149
7393,148
140224,147
26347,147
15685,146
4760,145
20115,144
43541,144
132420,143
60781,142
56040,142
56041,141
132839,140
9488,140
45899,136
12389,133
38365,132
8708,129
17816,129
138538,128
18403,128
54113,127
39790,127
29134,126
139646,124
20847,124
17858,124
57269,122
13030,118
42730,116
7545,116
41079,114
16591,114
50266,112
31400,110
12859,110
57367,106
205766,105
4788,105
9269,104
29222,103
6877,103
21887,103
53831,102
209242,102
24971,102
7506,101
25234,101
834,100
51400,99
56048,99
394996,95
10796,93
33915,93
135357,93
24806,93
979,92
1659,92
206067,91
4764,91
51013,89
20001,88
58931,88
3303,88
5427,87
212317,87
24560,87
141995,85
398090,85
5410,85
137699,85
64050,84
4609,84
23724,84
44486,84
852,83
20773,83
36351,83
7418,82
7303,82
137,80
6327,80
19318,79
1239,79
137566,79
13768,78
5483,78
10680,78
31477,77
812,77
398478,77
44074,76
2527,75
202053,75
9304,75
12479,75
32244,74
17716,74
135629,74
906,73
398823,73
140292,73
5503,73
208332,72
58593,72
134175,71
142032,71
48314,70
139659,70
25019,70
6830,69
29182,69
45363,69
40509,68
9534,68
15600,68
17552,67
29141,67
56300,67
2635,66
31229,66
134761,66
34240,66
137951,65
57043,65
54600,65
11427,64
2119,64
50867,63
4811,63
6799,63
24444,63
54641,62
42960,62
9829,61
131965,61
55293,61
48324,60
39392,60
54290,60
9394,60
35251,59
17184,58
25513,58
197902,58
3784,57
12586,57
50340,57
141739,57
134756,56
30600,56
33363,56
63473,56
15557,56
9145,55
43190,55
8315,55
16019,54
7497,54
17623,54
3301,54
63835,53
20676,53
53667,53
135354,52
197695,52
3292,52
42610,52
5607,52
20055,52
7684,51
13101,51
29522,50
34360,50
22611,50
36454,50
212531,50
31034,50
1680,50
6167,50
58466,50
5769,50
18420,49
22927,48
134768,48
6730,48
8473,48
1221,48
2519,47
8100,47
11351,47
61157,47
55430,47
6848,46
2852,46
27699,45
23470,45
24961,45
141679,45
37611,45
3356,45
4773,45
17676,44
34011,44
7713,44
142403,44
9123,44
559,44
53856,43
31791,43
11426,43
5617,43
8595,43
4785,42
21859,42
8422,42
719,42
30722,42
8402,42
9009,42
56971,42
8767,42
133481,42
7029,42
37153,41
36903,41
201106,41
11320,41
47302,41
15704,41
3,40
42422,40
58003,40
64267,40
25459,40
553,40
55960,39
45758,39
133774,39
8987,39
9371,39
137718,39
1241,39
14593,39
766,39
4780,39
15943,39
9381,39
22147,38
36884,38
12353,38
50673,38
135905,37
5378,37
206303,37
8875,37
198610,37
15773,37
8851,37
24445,37
62240,37
33070,37
134762,37
199669,37
29097,37
207651,36
5432,36
3223,36
1267,36
38700,36
138968,36
17713,36
8412,35
2514,35
134238,35
6939,35
10197,35
394695,35
21409,35
138152,34
9930,34
18229,34
81,33
46375,33
28573,33
14,33
1901,33
9370,33
2895,33
17638,33
9317,33
31027,33
58224,33
41528,33
4816,33
21069,32
25394,32
137443,32
208677,32
32475,31
1257,31
34222,31
12996,31
139220,31
7377,31
30823,31
198967,31
36925,31
949,31
40676,30
3335,30
967,30
2018,30
29695,30
6181,30
14265,30
35913,30
41314,29
12430,29
16462,29
136190,28
24309,28
43414,28
133199,28
38195,28
56047,28
12417,28
47544,28
13285,28
5408,28
51341,27
12874,27
29208,27
16086,27
39494,27
213250,27
18450,27
2860,27
12637,27
45638,27
63838,27
24158,27
39591,27
6057,27
18047,27
133073,27
8866,26
29405,26
2907,26
26599,26
6134,26
11878,26
207375,26
62336,26
61317,26
3243,26
12271,26
55020,26
12735,26
50522,26
35470,25
12714,25
59925,25
200062,25
29580,25
6128,25
2834,25
47172,25
9287,25
25560,25
87,25
31549,25
39704,25
13037,25
213192,25
1653,24
49999,24
34594,24
5645,24
36914,24
23700,24
24852,24
3058,24
8758,24
3329,24
138195,24
19108,24
4385,24
36236,23
1759,23
204601,23
20956,23
49544,23
4181,23
3170,23
49981,23
18177,23
139341,23
31200,23
17488,23
62000,23
33182,23
20845,23
8445,23
27017,22
39835,22
35807,22
1930,22
4771,22
58791,22
47331,22
206238,22
17506,22
2839,22
8447,22
57279,22
42366,22
49857,22
21554,22
34533,22
42160,22
12392,22
31798,22
203200,22
11492,21
12660,21
59253,21
6878,21
23650,21
26832,21
5384,21
208913,21
201942,21
11232,21
10052,21
1916,21
26577,21
9329,21
21155,21
203020,21
1312,21
15703,21
133775,20
59078,20
197155,20
12816,20
35598,20
133579,20
33387,20
3214,20
53863,20
6697,20
36947,20
51993,20
399955,20
15435,20
38955,20
3816,20
60144,20
4761,20
18779,20
19437,20
24400,19
201595,19
41421,19
44869,19
5539,19
48024,19
9105,19
140903,19
10143,19
35908,19
205275,19
48988,19
17712,19
205876,19
34984,19
133800,19
34878,18
9500,18
37680,18
137693,18
38927,18
855,18
19527,18
63410,18
1741,18
58182,18
8308,18
2516,18
4713,18
15598,18
9416,18
39570,17
12312,17
41164,17
13036,17
31042,17
12083,17
9498,17
32181,17
25532,17
17962,17
3249,17
45031,17
20645,17
44066,17
59943,17
12488,17
29518,17
202448,17
203148,17
62298,17
17622,17
394230,17
12400,17
6079,17
137691,17
18176,17
20559,17
203953,17
399081,17
25490,16
201563,16
10242,16
41378,16
398968,16
30148,16
2497,16
51659,16
47671,16
14576,16
60404,16
13977,16
24547,16
25369,16
211439,16
6871,16
11664,16
48894,16
328364,16
393552,16
8612,16
35592,16
46690,16
23969,16
48716,16
11404,16
30036,15
7992,15
63199,15
210379,15
33588,15
2116,15
12574,15
56478,15
28753,15
140641,15
132721,15
31103,15
39642,15
18298,15
136787,15
57370,15
48896,15
18881,15
61207,15
56309,15
60976,15
30083,15
20860,15
35236,15
42708,15
9443,15
38719,15
45820,15
204119,15
60380,15
208414,15
8167,15
1403,14
34309,14
202242,14
136160,14
58772,14
38731,14
16735,14
2108,14
18106,14
39396,14
25577,14
134771,14
203476,14
32133,14
13371,14
60253,14
29014,14
27715,14
132325,14
2841,14
3491,14
11776,14
133159,14
140716,14
17557,14
202468,14
137702,14
47002,13
9572,13
58061,13
202984,13
55720,13
9929,13
9812,13
50926,13
42585,13
45352,13
6233,13
40680,13
59019,13
41108,13
200548,13
272432,13
34895,13
2579,13
31514,13
197451,13
9340,13
38841,13
3681,13
139734,13
206369,13
12468,13
196752,13
19429,13
212219,13
56005,13
48347,13
8452,13
134697,13
4739,13
224,13
27357,13
55688,13
5610,13
16253,13
52148,13
36666,13
197013,13
9924,12
134774,12
1836,12
135600,12
2107,12
9597,12
29066,12
134090,12
19624,12
138421,12
60068,12
36459,12
61211,12
53589,12
25542,12
30633,12
210906,12
137690,12
133752,12
976,12
138169,12
212552,12
57724,12
134420,12
30475,12
38913,12
30764,12
200831,12
60461,12
35540,12
139021,12
131,12
10103,12
25184,12
49683,12
9198,12
200088,12
61098,12
7482,12
140527,12
10326,12
203412,12
17,12
13370,12
210560,12
142002,12
206170,12
137697,12
327979,12
34549,12
209335,12
24086,12
23884,12
15456,12
6400,12
2641,12
29314,12
8365,12
2200,12
9050,12
22363,12
803,12
37100,12
42038,11
49581,11
133380,11
53850,11
1237,11
50372,11
140096,11
25,11
203417,11
41828,11
31503,11
59437,11
8359,11
8220,11
48383,11
62082,11
200083,11
55836,11
400304,11
17813,11
49392,11
4835,11
196954,11
36493,11
198414,11
132335,11
56044,11
51847,11
5391,11
45996,11
38844,11
20278,11
25248,11
136052,11
9762,11
3363,11
210079,11
34779,11
8339,11
278,11
9790,11
10036,11
8890,11
200719,11
58543,11
208161,11
134773,11
58212,10
21334,10
9158,10
6739,10
200698,10
12668,10
44489,10
13354,10
9316,10
46015,10
8455,10
9270,10
51432,10
9824,10
34233,10
45753,10
45974,10
44068,10
206566,10
17439,10
918,10
4685,10
28571,10
39608,10
13259,10
24139,10
212384,10
88,10
61414,10
8764,10
57033,10
44076,10
49055,10
43754,10
8893,10
58540,10
47377,10
10755,10
1955,10
53434,10
24641,10
17098,10
17547,10
15502,10
3323,10
4804,10
394727,10
6300,10
134760,10
50465,10
131778,10
55967,10
9674,10
44128,10
40994,10
50624,10
11650,10
134732,9
3758,9
54574,9
51395,9
11161,9
207199,9
199736,9
28126,9
7679,9
6786,9
12843,9
30962,9
12741,9
8369,9
204997,9
29470,9
6855,9
8648,9
397731,9
135161,9
12722,9
51819,9
43357,9
63023,9
6908,9
9299,9
45903,9
44984,9
17451,9
134765,9
1103,9
38372,9
135337,9
200547,9
35280,9
15395,9
400810,9
28917,9
397273,9
9908,9
207714,9
2012,9
12810,9
42831,9
12555,9
8342,9
38235,9
20454,9
45544,9
148981,9
131596,9
136038,9
20738,9
20546,9
140265,9
34119,9
58879,9
55850,9
31673,9
8,9
46844,9
7859,9
28840,9
35613,9
28707,9
41354,9
54502,9
132813,9
26042,9
2611,9
46450,9
3842,9
24951,9
9063,9
24429,9
397373,9
8517,8
7459,8
9919,8
63760,8
25563,8
47524,8
2637,8
17964,8
29551,8
55824,8
27651,8
32748,8
1299,8
394344,8
141004,8
12414,8
10474,8
56630,8
50923,8
206176,8
198096,8
16097,8
54825,8
52,8
399282,8
4657,8
6752,8
35779,8
133296,8
9459,8
25106,8
17995,8
17511,8
15895,8
24989,8
2614,8
9541,8
56067,8
139007,8
49718,8
5413,8
12605,8
50613,8
26277,8
59554,8
18182,8
2546,8
211552,8
133776,8
139019,8
2914,8
15796,8
40630,8
397423,8
140726,8
9891,8
20647,8
135391,8
3257,8
398721,8
45916,8
29124,8
17878,8
786,8
50599,8
30968,8
24164,8
7586,8
146966,8
23140,8
136195,8
58541,8
4809,8
41608,8
131149,8
25227,8
21947,7
206216,7
8739,7
40244,7
53055,7
53824,7
44136,7
28824,7
50304,7
23352,7
58487,7
33696,7
51561,7
13188,7
4213,7
54858,7
17408,7
9112,7
210644,7
32613,7
42093,7
38244,7
21221,7
198346,7
31334,7
133694,7
62121,7
200462,7
2518,7
48918,7
200000,7
210250,7
39923,7
199298,7
25515,7
41786,7
204843,7
34300,7
7560,7
9916,7
6364,7
43513,7
197498,7
12334,7
137872,7
202635,7
136958,7
31,7
17055,7
58477,7
8439,7
13489,7
5470,7
41563,7
2715,7
25592,7
8193,7
11814,7
12570,7
21501,7
207967,7
202779,7
11042,7
17775,7
45839,7
38099,7
12576,7
43260,7
3661,7
207143,7
270967,7
41275,7
37002,7
3582,7
197071,7
134835,7
44592,7
60117,7
209043,7
200509,7
42337,7
20633,7
60131,7
7470,7
199524,7
42560,7
24955,7
12578,7
48715,7
149042,7
7122,7
400464,7
15694,7
9136,7
26615,7
211301,7
9931,7
139180,7
60713,7
34931,7
31732,7
23089,7
59,7
395466,7
19165,7
46392,7
49073,6
40156,6
43128,6
3265,6
1133,6
11831,6
21949,6
16230,6
212027,6
35174,6
46261,6
12611,6
137695,6
134176,6
149178,6
204548,6
9070,6
24631,6
49635,6
13649,6
208769,6
28209,6
36218,6
140717,6
10088,6
25653,6
52000,6
15731,6
48282,6
25255,6
212506,6
25151,6
16637,6
14051,6
212047,6
34282,6
27425,6
210457,6
47156,6
13045,6
2857,6
200482,6
8400,6
42926,6
17589,6
16138,6
5578,6
42707,6
15830,6
35206,6
210882,6
197248,6
24651,6
201838,6
41508,6
198068,6
55799,6
5538,6
400519,6
53292,6
19201,6
35278,6
27323,6
27176,6
36444,6
139203,6
12337,6
49367,6
55286,6
210403,6
47711,6
38732,6
397412,6
132525,6
30781,6
212238,6
56150,6
24211,6
38847,6
396073,6
140810,6
31083,6
9754,6
36007,6
23674,6
16342,6
15802,6
5603,6
18206,6
205516,6
47692,6
17753,6
13110,6
8334,6
7625,6
211560,6
10148,6
51483,6
23570,6
134111,6
24282,6
9848,6
136897,6
54913,6
47764,6
58542,6
56019,6
17639,6
132199,6
8492,6
30733,6
11172,6
201200,6
6147,6
56740,6
3216,6
9321,6
2607,6
50716,6
41843,6
42961,6
43205,6
12695,6
42893,6
12768,6
156,6
45773,6
21232,6
9199,6
12759,6
15366,6
11340,6
200999,6
15659,6
55470,6
328543,6
210977,6
9271,6
213095,6
16245,6
41887,6
3308,6
204957,6
14155,6
12390,6
8312,6
11845,6
19045,5
13213,5
136994,5
29691,5
49531,5
35612,5
30731,5
23473,5
42652,5
7516,5
28890,5
46475,5
30782,5
39544,5
51790,5
34867,5
34602,5
18390,5
43939,5
51219,5
149769,5
51191,5
45458,5
47623,5
17222,5
8437,5
9069,5
62618,5
3188,5
31775,5
135343,5
206065,5
41000,5
139201,5
12301,5
204544,5
3813,5
12470,5
201206,5
37061,5
196695,5
43171,5
7276,5
398826,5
58272,5
53166,5
5390,5
45304,5
52188,5
199274,5
27823,5
73,5
131111,5
6856,5
18028,5
200303,5
2504,5
8111,5
38103,5
18209,5
12302,5
25472,5
1942,5
202596,5
34934,5
25310,5
39857,5
23851,5
9526,5
24904,5
41733,5
15419,5
24863,5
61173,5
204274,5
51184,5
206596,5
133119,5
17625,5
42682,5
132241,5
135407,5
3512,5
399898,5
15011,5
64236,5
10396,5
24657,5
25504,5
21412,5
399507,5
6703,5
17139,5
203380,5
49808,5
60631,5
17444,5
135967,5
15962,5
197068,5
27895,5
45671,5
48137,5
21777,5
6315,5
15582,5
34757,5
132925,5
9294,5
48551,5
54489,5
18501,5
11796,5
21928,5
40153,5
11872,5
6876,5
205072,5
4621,5
13124,5
1113,5
201863,5
42291,5
40788,5
3267,5
35271,5
29447,5
149020,5
18747,5
49788,5
34941,5
8622,5
196653,5
200713,5
42612,5
36943,5
47232,5
7057,5
21582,5
38264,5
3132,5
54329,5
196949,5
47890,5
200590,5
23576,5
63916,5
136146,5
4922,5
26292,5
33097,5
12350,5
56882,5
138997,5
398993,5
24739,5
7472,5
52209,5
30058,5
63119,5
38583,5
28271,5
28220,5
56042,5
140278,5
133613,5
38482,5
25512,5
3737,5
399195,5
24348,5
7979,5
48825,5
25530,5
6738,5
64270,5
13951,4
32555,4
39028,4
49870,4
400228,4
61468,4
16246,4
62214,4
13490,4
33425,4
1776,4
37705,4
8047,4
2602,4
158,4
2501,4
12119,4
42772,4
207348,4
9322,4
12306,4
45177,4
62838,4
46746,4
150436,4
5056,4
34863,4
39134,4
201964,4
44724,4
56665,4
3359,4
16010,4
18158,4
31383,4
29422,4
30176,4
209400,4
29686,4
134196,4
40317,4
199513,4
135951,4
213202,4
9286,4
45179,4
49943,4
198627,4
29085,4
140766,4
131745,4
17054,4
136557,4
15318,4
208909,4
59507,4
10971,4
34718,4
8728,4
397031,4
49814,4
31304,4
62212,4
12464,4
398343,4
12453,4
2202,4
35041,4
17882,4
40029,4
47215,4
34318,4
29670,4
208666,4
8278,4
212263,4
53187,4
46505,4
2848,4
17766,4
56835,4
28747,4
207633,4
31242,4
48971,4
61323,4
327942,4
8744,4
8925,4
12552,4
200134,4
8829,4
199644,4
208582,4
263511,4
49855,4
34362,4
50474,4
14677,4
29825,4
9274,4
49350,4
12179,4
399566,4
39120,4
26827,4
59827,4
9150,4
136000,4
202667,4
17870,4
31638,4
16839,4
8251,4
6772,4
8522,4
12731,4
149137,4
17465,4
197226,4
206642,4
20545,4
204151,4
61053,4
202602,4
18001,4
202613,4
13999,4
29119,4
328366,4
3676,4
12148,4
211432,4
22653,4
19257,4
60490,4
58539,4
12129,4
5719,4
400133,4
55106,4
13886,4
207758,4
398395,4
22205,4
48614,4
396356,4
1706,4
9121,4
31863,4
5466,4
14333,4
10255,4
52030,4
51570,4
40864,4
41745,4
209045,4
27364,4
132742,4
131642,4
42447,4
139293,4
60087,4
327782,4
11260,4
20910,4
8752,4
35739,4
63018,4
136821,4
205090,4
9335,4
10066,4
133647,4
131428,4
62904,4
8888,4
131939,4
208951,4
132056,4
9657,4
136933,4
213122,4
20880,4
56132,4
140061,4
2280,4
199636,4
270814,4
396881,4
200105,4
210329,4
30900,4
24093,4
44000,4
376,4
269730,4
1756,4
262415,4
31012,4
3212,4
50466,4
63888,4
38019,4
142404,4
9658,4
131522,4
136200,4
17924,4
134764,4
39699,4
7693,4
134810,4
197524,4
932,4
131536,4
24138,4
6700,4
209372,4
13041,4
50435,4
41110,4
131293,4
35205,4
199809,4
200466,4
46042,4
200943,4
47616,4
1101,4
328188,4
20649,4
57128,4
33139,4
15987,4
264268,4
30860,4
132372,4
207907,4
38511,4
27947,4
6810,4
56030,4
8636,4
207326,4
56420,4
3221,4
15083,4
23951,4
203511,4
23201,4
8632,4
5495,3
8192,3
207083,3
134926,3
1835,3
57276,3
135222,3
35141,3
12355,3
9031,3
18026,3
28745,3
4528,3
134542,3
4782,3
134419,3
209181,3
18419,3
16202,3
47385,3
44735,3
45291,3
199181,3
55577,3
43293,3
61694,3
54198,3
204035,3
57523,3
47217,3
47959,3
205220,3
198710,3
212271,3
48594,3
135273,3
150055,3
137687,3
63770,3
17575,3
327716,3
44133,3
42429,3
7522,3
35787,3
210226,3
394710,3
46050,3
37305,3
33951,3
29608,3
14178,3
59414,3
4755,3
48254,3
38727,3
16625,3
57026,3
20485,3
13194,3
29321,3
13917,3
7573,3
53423,3
38532,3
35426,3
396141,3
135944,3
57433,3
33885,3
47242,3
12338,3
21143,3
41922,3
2044,3
8732,3
198066,3
24835,3
6407,3
135566,3
9431,3
45187,3
37168,3
54339,3
5602,3
35492,3
8643,3
35682,3
37621,3
17048,3
8615,3
41705,3
50941,3
198432,3
12180,3
22418,3
25697,3
202870,3
199416,3
46446,3
9905,3
10620,3
44547,3
9211,3
60798,3
131423,3
9,3
41436,3
49037,3
15404,3
51265,3
395337,3
51088,3
56566,3
5387,3
36086,3
5480,3
32489,3
21624,3
5670,3
32863,3
393427,3
789,3
103,3
5661,3
62370,3
393238,3
35564,3
396949,3
31615,3
15542,3
12,3
8070,3
22990,3
3280,3
11050,3
210715,3
195,3
6762,3
50821,3
36114,3
35339,3
394432,3
18164,3
3851,3
11767,3
38008,3
34324,3
52820,3
21699,3
30,3
11698,3
44923,3
210710,3
46337,3
17306,3
27,3
399077,3
60721,3
398791,3
400391,3
29900,3
51645,3
8057,3
11550,3
209641,3
22150,3
38001,3
213030,3
140825,3
202422,3
142578,3
4515,3
199753,3
136959,3
4758,3
41717,3
33941,3
209974,3
6597,3
49609,3
47963,3
40861,3
328998,3
47610,3
7473,3
137385,3
211895,3
42116,3
10214,3
19662,3
147293,3
55803,3
13127,3
9457,3
7575,3
399661,3
140166,3
17447,3
31246,3
31708,3
51961,3
149585,3
17956,3
135133,3
140389,3
61302,3
138115,3
57112,3
212669,3
55441,3
146930,3
140123,3
17762,3
10006,3
41754,3
3450,3
198203,3
16556,3
5467,3
201848,3
8324,3
22884,3
146988,3
207746,3
131584,3
32875,3
207713,3
6192,3
14117,3
133115,3
8466,3
50810,3
44094,3
211668,3
199456,3
38843,3
212655,3
33724,3
212815,3
30447,3
63213,3
40395,3
36369,3
58740,3
136609,3
12371,3
212477,3
3259,3
12670,3
28343,3
10881,3
14315,3
1213,3
23404,3
2259,3
20412,3
39737,3
26253,3
205585,3
6461,3
49468,3
202423,3
52207,3
263087,3
263598,3
44925,3
39102,3
34087,3
131414,3
37992,3
53038,3
12212,3
26666,3
31252,3
7489,3
41046,3
58826,3
49136,3
208725,3
206548,3
63555,3
24935,3
20712,3
6821,3
200659,3
138050,3
6713,3
59592,3
207190,3
18257,3
197423,3
146822,3
20853,3
199599,3
29550,3
198171,3
41800,3
211041,3
54548,3
24334,3
137539,3
141771,3
12912,3
8663,3
22047,3
200736,3
42807,3
9147,3
61496,3
38105,3
37542,3
21921,3
16958,3
137788,3
53449,3
13368,3
5416,3
17378,3
48147,3
29194,3
2586,3
1218,3
11272,3
19551,3
18049,3
197309,3
51035,3
45243,3
13693,3
33984,3
42008,3
60175,3
39537,3
34942,3
9341,3
4270,3
37693,3
39783,3
9008,3
27843,3
58397,3
211713,3
34989,3
197492,3
200970,3
50272,3
138136,3
31148,3
1742,3
41227,3
41668,3
8551,3
6866,3
16371,3
35104,3
8675,3
56981,3
51859,3
139456,3
4618,3
12709,3
33901,3
265691,3
10429,3
62068,3
13092,3
43395,3
62282,3
206557,3
203714,3
15321,3
39287,3
5563,3
35833,3
57568,3
137451,3
35244,3
136055,3
43548,3
29028,3
135682,3
395092,3
17862,3
137664,3
3839,3
24187,3
21430,3
34146,3
61029,3
56655,3
201814,3
41937,3
14080,3
47165,3
27501,3
140827,3
17839,2
43284,2
48101,2
4750,2
7588,2
25264,2
34224,2
8267,2
135918,2
204105,2
60522,2
31631,2
48095,2
45382,2
8970,2
57353,2
33846,2
211252,2
25291,2
56813,2
42965,2
50469,2
48327,2
9562,2
264685,2
263300,2
46,2
204273,2
35985,2
30612,2
31317,2
60592,2
43557,2
203453,2
205787,2
60071,2
21033,2
262212,2
63757,2
25521,2
204877,2
202539,2
20686,2
205948,2
44694,2
202592,2
12676,2
399915,2
31827,2
54373,2
5713,2
14976,2
26077,2
23024,2
132111,2
59923,2
25133,2
52888,2
31115,2
62099,2
47330,2
25400,2
48031,2
3175,2
32093,2
57270,2
30614,2
212598,2
20193,2
204490,2
9676,2
600,2
136621,2
6580,2
42868,2
210083,2
51520,2
200296,2
140817,2
5786,2
198403,2
45328,2
212221,2
38513,2
15305,2
18460,2
36937,2
22237,2
57286,2
64249,2
4581,2
327794,2
398886,2
20912,2
3741,2
37653,2
3399,2
19901,2
2833,2
25487,2
39729,2
15425,2
43647,2
40246,2
30247,2
30257,2
22709,2
54004,2
149767,2
14543,2
11014,2
137661,2
26548,2
16628,2
62,2
56374,2
56201,2
201773,2
35432,2
15805,2
399250,2
399804,2
27258,2
394380,2
201718,2
15517,2
199967,2
41541,2
47240,2
20495,2
48573,2
48494,2
59441,2
38253,2
23844,2
54253,2
197275,2
47381,2
57707,2
23913,2
49711,2
52092,2
11417,2
203918,2
2552,2
36413,2
11279,2
55359,2
51337,2
201692,2
135543,2
10838,2
399999,2
9430,2
131655,2
198500,2
7311,2
41704,2
2711,2
398779,2
53264,2
33695,2
399851,2
19383,2
197227,2
18187,2
36850,2
19969,2
139980,2
23241,2
36149,2
50840,2
31554,2
23923,2
9794,2
24163,2
6583,2
60690,2
400205,2
557,2
3361,2
43070,2
36231,2
53755,2
20135,2
7219,2
31586,2
394838,2
17501,2
57238,2
48979,2
36326,2
27882,2
2386,2
133500,2
54393,2
14737,2
400405,2
18712,2
10990,2
13501,2
64111,2
399471,2
398298,2
14615,2
64021,2
38339,2
139265,2
39375,2
328198,2
399334,2
996,2
36815,2
13776,2
398191,2
10279,2
6200,2
22323,2
15488,2
47521,2
210139,2
42240,2
139879,2
37492,2
57879,2
24516,2
28585,2
52177,2
42130,2
7784,2
41242,2
11727,2
141693,2
213296,2
201999,2
32558,2
23314,2
43160,2
50010,2
61390,2
63311,2
23588,2
38623,2
17831,2
133206,2
211975,2
23679,2
30830,2
42532,2
198921,2
48873,2
15774,2
199662,2
197696,2
45117,2
135444,2
24085,2
44901,2
50513,2
57456,2
24033,2
201577,2
23961,2
136191,2
10122,2
399230,2
201290,2
8462,2
131269,2
9697,2
39435,2
53243,2
15958,2
2508,2
1781,2
43278,2
34347,2
27665,2
54994,2
17877,2
18024,2
28233,2
15736,2
17754,2
135876,2
141508,2
7633,2
150834,2
207843,2
8256,2
197251,2
42189,2
211804,2
52368,2
52806,2
28329,2
41881,2
31263,2
10029,2
7631,2
138311,2
48707,2
328453,2
58621,2
39566,2
207176,2
59134,2
132445,2
63801,2
41549,2
4694,2
211922,2
132559,2
58678,2
12402,2
18002,2
8496,2
136334,2
39251,2
42695,2
211623,2
210154,2
211373,2
20068,2
43628,2
131435,2
135978,2
59564,2
52361,2
9319,2
11696,2
140227,2
44112,2
199765,2
133270,2
59764,2
207647,2
53087,2
35816,2
209150,2
25668,2
150493,2
265911,2
137952,2
6802,2
212136,2
44453,2
31204,2
51248,2
35699,2
264200,2
58051,2
132717,2
399587,2
39421,2
47264,2
61138,2
400636,2
18065,2
3255,2
49466,2
39264,2
31727,2
12703,2
203363,2
44692,2
6453,2
29513,2
8368,2
200534,2
45575,2
19234,2
24634,2
34858,2
31376,2
41898,2
55545,2
60024,2
31122,2
29676,2
6295,2
6711,2
18447,2
30277,2
13237,2
35625,2
210720,2
10014,2
52762,2
38156,2
24436,2
61044,2
54456,2
57468,2
11605,2
207992,2
6758,2
397666,2
262316,2
15377,2
39493,2
56373,2
49666,2
48678,2
34456,2
7806,2
212609,2
62587,2
199624,2
141968,2
12213,2
21378,2
49342,2
6868,2
200324,2
394303,2
9232,2
4983,2
19853,2
63148,2
34702,2
19994,2
25144,2
32400,2
43727,2
29485,2
23944,2
140443,2
8680,2
31257,2
11604,2
136258,2
263668,2
29974,2
46873,2
272696,2
61684,2
264562,2
398108,2
15808,2
13156,2
14754,2
23535,2
8416,2
9927,2
399522,2
264023,2
49826,2
41966,2
56635,2
53006,2
45570,2
20207,2
57069,2
268391,2
29953,2
56340,2
41302,2
46573,2
57271,2
36327,2
57172,2
35011,2
51765,2
141306,2
51132,2
8544,2
10099,2
141998,2
24154,2
133973,2
212131,2
136197,2
197720,2
264111,2
270250,2
22652,2
137969,2
55666,2
38136,2
23764,2
131627,2
140707,2
835,2
30873,2
7794,2
20130,2
15474,2
25576,2
271932,2
27928,2
149766,2
31214,2
63911,2
205282,2
134769,2
29072,2
15182,2
146772,2
15108,2
39650,2
134770,2
58851,2
212517,2
24167,2
9293,2
25408,2
10954,2
38803,2
200019,2
24226,2
61303,2
20755,2
138982,2
17809,2
133118,2
21385,2
42184,2
150206,2
208959,2
43359,2
18422,2
57494,2
17849,2
45062,2
133889,2
196922,2
35369,2
25081,2
24129,2
1764,2
9312,2
33185,2
47470,2
38845,2
8253,2
50113,2
47909,2
8001,2
200043,2
20904,2
198187,2
29076,2
30833,2
17948,2
23623,2
26606,2
9419,2
50577,2
62887,2
41861,2
55461,2
10054,2
7540,2
7642,2
49394,2
59257,2
263356,2
51896,2
15673,2
16814,2
34263,2
134000,2
44716,2
48149,2
42263,2
203592,2
50543,2
29226,2
141514,2
41722,2
55693,2
42864,2
16921,2
8905,2
210246,2
139580,2
21283,2
51685,2
55479,2
3507,2
5605,2
61244,2
131429,2
8717,2
34225,2
8580,2
8748,2
48626,2
267837,2
21341,2
16629,2
6903,2
10180,2
59815,2
135901,2
55769,2
36891,2
47541,2
17854,2
196645,2
57944,2
24757,2
57794,2
47723,2
38320,2
197078,2
20875,2
24186,2
204213,2
9770,2
18126,2
20042,2
29286,2
135987,2
38635,2
58381,2
210538,2
45538,2
197467,2
45374,2
25549,2
210460,2
17001,2
29571,2
39087,2
12846,2
7616,2
200761,2
58396,2
49800,2
20661,2
9997,2
26383,2
137331,2
211597,2
48166,2
18371,2
7600,2
51001,2
61102,2
40980,2
200651,2
9708,2
59953,2
35366,2
135139,2
25260,2
45146,2
35100,2
9780,2
44030,2
24554,2
131366,2
38493,2
35805,2
33873,2
211559,2
39679,2
47674,2
29046,2
142389,2
31452,2
41075,2
149132,2
211585,2
30999,2
198440,2
59598,2
262191,2
7624,2
2609,2
206254,2
47169,2
198859,2
9943,2
49375,2
6661,2
262954,2
201211,2
12310,2
47576,2
328668,2
141547,2
51375,2
60377,2
42541,2
6568,2
16223,2
60672,2
44679,2
199335,2
3549,2
23601,2
23688,2
39521,2
23956,2
49467,2
50542,2
9578,2
202914,2
60178,2
38510,2
16125,2
9954,2
57630,2
23574,2
19653,2
7720,2
39286,2
134428,2
140733,2
134823,2
39543,2
24504,1
31736,1
138182,1
149922,1
27411,1
24991,1
40476,1
5716,1
20392,1
20655,1
63969,1
61976,1
34857,1
48249,1
56898,1
9678,1
35819,1
1640,1
394177,1
11996,1
32508,1
395922,1
53859,1
199608,1
39001,1
210574,1
205714,1
205171,1
50718,1
59729,1
37540,1
27866,1
31272,1
213093,1
138131,1
197216,1
20804,1
45814,1
41801,1
131183,1
20714,1
12364,1
131392,1
6858,1
44484,1
57935,1
63491,1
59497,1
50591,1
56330,1
267722,1
150210,1
57378,1
9825,1
42683,1
13046,1
51178,1
201789,1
207604,1
136134,1
137551,1
59711,1
29423,1
16654,1
44034,1
3268,1
137409,1
21599,1
13000,1
135909,1
15440,1
21446,1
47252,1
138358,1
51624,1
20911,1
23991,1
44943,1
50676,1
212441,1
208800,1
263799,1
44682,1
16178,1
63746,1
204279,1
55352,1
21017,1
262913,1
34351,1
199634,1
9230,1
202852,1
44555,1
58495,1
58136,1
328727,1
204170,1
329029,1
265531,1
34604,1
206003,1
212023,1
17539,1
2854,1
36996,1
21021,1
139989,1
43132,1
199508,1
34619,1
200982,1
199420,1
63526,1
9835,1
56534,1
136255,1
269023,1
56399,1
396234,1
42971,1
206080,1
51074,1
21050,1
37671,1
131418,1
39442,1
3382,1
15836,1
41009,1
48737,1
14638,1
205424,1
210021,1
56352,1
44441,1
150828,1
5516,1
47558,1
60554,1
43350,1
59784,1
28725,1
204457,1
48309,1
39032,1
199785,1
201825,1
29486,1
207619,1
52512,1
8048,1
43925,1
4787,1
39593,1
135998,1
36445,1
38779,1
37468,1
15683,1
41727,1
63734,1
34577,1
150495,1
213035,1
50463,1
38758,1
45543,1
52378,1
42910,1
21271,1
38901,1
38600,1
50516,1
35710,1
197549,1
30766,1
28804,1
41798,1
138156,1
6696,1
207203,1
17471,1
50489,1
200924,1
208988,1
6659,1
208235,1
31438,1
57154,1
141584,1
57673,1
49107,1
10208,1
206264,1
37154,1
29256,1
15525,1
49368,1
42350,1
3900,1
225,1
16397,1
151338,1
10098,1
137698,1
20960,1
204076,1
38805,1
202127,1
4775,1
56233,1
197765,1
149816,1
48011,1
328992,1
17826,1
55994,1
24147,1
18239,1
146758,1
56282,1
200519,1
211823,1
199578,1
139141,1
397332,1
10073,1
56791,1
135068,1
39029,1
8585,1
57344,1
135654,1
31598,1
27879,1
47810,1
45650,1
46019,1
203747,1
131090,1
8376,1
13165,1
35645,1
38710,1
57389,1
39247,1
136948,1
39125,1
211459,1
132304,1
9308,1
138029,1
135061,1
141029,1
9814,1
18429,1
136950,1
63981,1
50187,1
150915,1
132165,1
265749,1
147129,1
25124,1
64315,1
56441,1
4641,1
37965,1
31972,1
24143,1
140330,1
29399,1
50261,1
63731,1
140068,1
207046,1
9162,1
207876,1
140083,1
269198,1
270405,1
28178,1
38277,1
23910,1
148969,1
38364,1
28658,1
270439,1
61811,1
262502,1
28580,1
37018,1
34629,1
41750,1
4540,1
7738,1
8685,1
268787,1
265175,1
52871,1
23252,1
28124,1
52655,1
48096,1
36866,1
4765,1
30988,1
33763,1
133201,1
55996,1
34550,1
23953,1
29007,1
28635,1
268850,1
262889,1
10733,1
396338,1
823,1
146814,1
57152,1
27725,1
198259,1
47618,1
34040,1
206262,1
270092,1
44257,1
513,1
38,1
149440,1
38680,1
199061,1
63932,1
266057,1
1002,1
267587,1
269377,1
263250,1
131775,1
31420,1
43782,1
30975,1
50748,1
203003,1
31250,1
211567,1
52180,1
33576,1
28907,1
43581,1
60077,1
21246,1
202973,1
39440,1
205399,1
14988,1
24020,1
263269,1
262542,1
138890,1
44050,1
205400,1
7411,1
263237,1
46055,1
57085,1
50115,1
42755,1
60111,1
47379,1
29497,1
42908,1
11888,1
5550,1
44395,1
149384,1
41435,1
262493,1
395254,1
52771,1
266462,1
53356,1
262463,1
272195,1
262369,1
266059,1
262748,1
267614,1
36817,1
270485,1
52737,1
28260,1
210356,1
52604,1
52532,1
55884,1
58686,1
45763,1
137549,1
207151,1
50818,1
2094,1
2850,1
33930,1
51942,1
28195,1
21574,1
53137,1
19515,1
53003,1
204154,1
139660,1
2060,1
34177,1
34088,1
39617,1
39545,1
8530,1
12496,1
48518,1
52774,1
400511,1
26223,1
54288,1
26930,1
8069,1
135010,1
209155,1
48549,1
60426,1
18101,1
136647,1
23860,1
776,1
9003,1
264358,1
268560,1
48430,1
204259,1
206448,1
57982,1
8849,1
133612,1
132816,1
328068,1
49732,1
272027,1
40981,1
209480,1
58972,1
199909,1
60294,1
39555,1
133275,1
135872,1
133001,1
136475,1
135822,1
137035,1
18196,1
58640,1
150024,1
138225,1
133255,1
59165,1
134026,1
56272,1
45194,1
24699,1
133695,1
135170,1
21788,1
34804,1
268490,1
138095,1
42742,1
49776,1
207569,1
15128,1
138296,1
138767,1
45769,1
149240,1
141300,1
135780,1
18313,1
132116,1
46051,1
212728,1
28352,1
210616,1
42675,1
61236,1
135847,1
150623,1
135861,1
134009,1
17529,1
55900,1
17518,1
141815,1
2554,1
63902,1
17845,1
997,1
19337,1
200964,1
45302,1
205313,1
52351,1
9002,1
48940,1
55592,1
7623,1
9976,1
140646,1
23714,1
34790,1
44844,1
15133,1
25160,1
150191,1
149682,1
201691,1
400619,1
131628,1
150171,1
58521,1
205770,1
48438,1
53486,1
34786,1
131921,1
399275,1
33829,1
395111,1
13645,1
43060,1
36375,1
212607,1
208308,1
53848,1
400529,1
38661,1
4663,1
134677,1
138219,1
206888,1
198580,1
62005,1
46997,1
46473,1
400385,1
398335,1
62731,1
56807,1
135373,1
131685,1
393889,1
132300,1
208485,1
30456,1
49242,1
30177,1
46719,1
53785,1
43431,1
33333,1
53823,1
397142,1
198968,1
203791,1
394568,1
12093,1
12831,1
2701,1
6124,1
47,1
60323,1
40545,1
200454,1
398789,1
400194,1
26397,1
135752,1
53274,1
6356,1
38296,1
57332,1
200487,1
42495,1
693,1
160,1
400521,1
394896,1
394957,1
19564,1
394814,1
210756,1
6106,1
1249,1
40220,1
55,1
60720,1
213005,1
32666,1
399244,1
13789,1
16713,1
53508,1
62164,1
394381,1
5742,1
33436,1
13825,1
48416,1
63989,1
15119,1
10631,1
395662,1
394625,1
10455,1
40285,1
47241,1
21565,1
53610,1
23033,1
50131,1
19323,1
7782,1
26472,1
396948,1
141518,1
206756,1
34569,1
48061,1
47594,1
25451,1
393442,1
16717,1
396362,1
20394,1
32709,1
62759,1
23316,1
2547,1
197845,1
60464,1
204603,1
31476,1
262285,1
60148,1
149118,1
394065,1
26073,1
399045,1
35986,1
7941,1
202015,1
31841,1
32890,1
210555,1
56571,1
50316,1
206617,1
1246,1
14742,1
400587,1
33734,1
400716,1
398493,1
11442,1
201364,1
56380,1
18907,1
45316,1
21506,1
139080,1
9389,1
28716,1
62275,1
60273,1
53107,1
56765,1
21100,1
134790,1
63510,1
45552,1
211440,1
8094,1
51223,1
49515,1
328016,1
56433,1
6879,1
50195,1
37503,1
39214,1
8248,1
30729,1
15497,1
60494,1
265561,1
1161,1
44512,1
2842,1
37353,1
17421,1
64022,1
141425,1
205614,1
25229,1
4508,1
44789,1
202662,1
9769,1
38592,1
26609,1
39378,1
209260,1
197623,1
26218,1
8865,1
53111,1
48371,1
210793,1
16698,1
37063,1
38153,1
56709,1
28068,1
1547,1
59147,1
38496,1
27981,1
52674,1
201189,1
20870,1
1040,1
399626,1
4616,1
61955,1
39702,1
51978,1
42873,1
207790,1
8937,1
206880,1
208814,1
198930,1
9135,1
199417,1
213281,1
29413,1
5520,1
20810,1
201901,1
203792,1
16148,1
211179,1
51795,1
10557,1
24344,1
41165,1
28296,1
38229,1
268737,1
28589,1
204672,1
271145,1
61135,1
196819,1
30742,1
44814,1
141623,1
9113,1
3285,1
262253,1
56529,1
35032,1
21310,1
45542,1
140826,1
21497,1
49028,1
51809,1
10198,1
9781,1
44194,1
60032,1
202282,1
131582,1
18038,1
41653,1
48305,1
45014,1
202306,1
42845,1
209040,1
14956,1
202271,1
197637,1
48927,1
13039,1
200740,1
44842,1
1712,1
57809,1
210732,1
3748,1
54527,1
43108,1
212374,1
23122,1
10010,1
41230,1
2027,1
56329,1
200435,1
34422,1
42689,1
137615,1
56798,1
34248,1
42306,1
25180,1
57696,1
5500,1
17613,1
43207,1
198545,1
57633,1
8218,1
138608,1
200136,1
207645,1
24549,1
33781,1
42611,1
50917,1
9605,1
8468,1
42846,1
17597,1
6735,1
8820,1
200110,1
199468,1
206728,1
20895,1
29939,1
43915,1
51943,1
47869,1
3238,1
31705,1
57227,1
23980,1
17603,1
28891,1
18031,1
2875,1
210785,1
20161,1
10164,1
9946,1
28590,1
264765,1
150243,1
10045,1
9686,1
49434,1
7622,1
7671,1
56893,1
139482,1
43667,1
15870,1
47954,1
207821,1
202919,1
209856,1
263683,1
49872,1
36471,1
262663,1
3326,1
42678,1
49994,1
38697,1
56919,1
44761,1
21309,1
51200,1
23888,1
328596,1
25274,1
201224,1
44894,1
17615,1
29773,1
28701,1
210281,1
12512,1
204038,1
34624,1
33828,1
31213,1
8510,1
212278,1
35758,1
31163,1
52233,1
52015,1
135310,1
1853,1
37053,1
27768,1
63741,1
48330,1
134375,1
52184,1
9365,1
15373,1
263422,1
199390,1
197453,1
149621,1
47886,1
13761,1
203561,1
44313,1
268212,1
9044,1
51724,1
50670,1
142596,1
212174,1
23668,1
18207,1
25376,1
21473,1
45815,1
397168,1
207507,1
138398,1
58437,1
47678,1
327776,1
149534,1
20953,1
12693,1
15388,1
203536,1
9952,1
9186,1
12779,1
45577,1
55958,1
39821,1
201971,1
267486,1
44999,1
268207,1
43936,1
9546,1
7650,1
55660,1
37907,1
44700,1
198726,1
44335,1
48596,1
8859,1
50477,1
394180,1
327901,1
208258,1
25100,1
41627,1
10715,1
212128,1
59210,1
43270,1
35415,1
51469,1
200325,1
40702,1
7203,1
394982,1
31593,1
9354,1
17806,1
23808,1
262589,1
204779,1
205692,1
132779,1
30745,1
56668,1
15924,1
55423,1
31349,1
29084,1
47273,1
46320,1
48803,1
60095,1
49743,1
264926,1
263289,1
11114,1
13246,1
41670,1
263061,1
146943,1
46469,1
20021,1
10546,1
22878,1
40819,1
29329,1
34171,1
44575,1
36040,1
212216,1
41364,1
12993,1
131207,1
395409,1
201466,1
12118,1
54252,1
39572,1
2033,1
14589,1
15299,1
20472,1
262318,1
150627,1
43901,1
37594,1
41661,1
138106,1
21365,1
36907,1
19237,1
14361,1
393398,1
53340,1
54163,1
59371,1
263022,1
21367,1
59279,1
266284,1
56038,1
264210,1
328840,1
28637,1
262237,1
206479,1
204915,1
8495,1
201011,1
200735,1
32780,1
57844,1
209478,1
34758,1
206892,1
200410,1
10094,1
63979,1
211588,1
52677,1
139378,1
60602,1
42020,1
269838,1
35533,1
141892,1
6823,1
2840,1
209861,1
51604,1
5588,1
327983,1
60651,1
49985,1
41566,1
9085,1
20692,1
149948,1
24953,1
47406,1
48904,1
131178,1
60435,1
202128,1
57788,1
203815,1
16686,1
202682,1
263114,1
35352,1
28952,1
262818,1
56475,1
328178,1
132678,1
61272,1
204983,1
41783,1
35393,1
197712,1
39962,1
202618,1
202509,1
42343,1
9125,1
48602,1
45027,1
15899,1
266039,1
137125,1
133648,1
3484,1
134862,1
51500,1
9268,1
12849,1
41419,1
204108,1
34959,1
34093,1
58898,1
9583,1
395965,1
34622,1
58096,1
263316,1
52944,1
212241,1
49535,1
15535,1
51059,1
31052,1
13189,1
41369,1
197083,1
49677,1
25468,1
9166,1
60496,1
56694,1
44546,1
31430,1
206774,1
48474,1
9449,1
207547,1
42882,1
328228,1
198820,1
37340,1
263623,1
2764,1
42387,1
15516,1
8745,1
13332,1
57093,1
269479,1
34296,1
34743,1
15311,1
29013,1
212663,1
21299,1
205111,1
20634,1
269027,1
60455,1
31203,1
43061,1
38987,1
137656,1
209583,1
51390,1
201041,1
50562,1
38952,1
47834,1
202237,1
52335,1
4686,1
202591,1
208906,1
48926,1
34420,1
52436,1
25534,1
49223,1
149588,1
5479,1
679,1
49101,1
37315,1
49604,1
27680,1
41763,1
136107,1
58955,1
56983,1
262989,1
49907,1
41833,1
2561,1
37725,1
35579,1
61400,1
50584,1
58641,1
200223,1
1128,1
50625,1
211251,1
201401,1
60163,1
35717,1
43424,1
57739,1
20626,1
50186,1
197336,1
35539,1
29300,1
262494,1
8749,1
29278,1
209835,1
41959,1
42148,1
149391,1
35790,1
56158,1
21001,1
239,1
5418,1
138637,1
207883,1
50231,1
12374,1
8489,1
31333,1
12941,1
35329,1
202269,1
12969,1
47132,1
60458,1
17941,1
25159,1
60764,1
203140,1
44500,1
11556,1
56833,1
20723,1
139562,1
24213,1
137967,1
5394,1
59668,1
263702,1
399289,1
8386,1
36994,1
39647,1
27831,1
61358,1
42232,1
134937,1
262516,1
131445,1
270316,1
327808,1
262411,1
59686,1
207156,1
210321,1
267413,1
393249,1
44061,1
56631,1
262761,1
47193,1
35444,1
58590,1
399016,1
2588,1
207355,1
53122,1
8280,1
24608,1
135450,1
205001,1
11432,1
59684,1
42775,1
198642,1
37182,1
51300,1
37239,1
30848,1
25190,1
42298,1
24233,1
207459,1
48045,1
26996,1
24173,1
41268,1
211871,1
2843,1
31510,1
39217,1
51681,1
203394,1
50920,1
5664,1
200030,1
13155,1
41281,1
43709,1
47989,1
202958,1
54643,1
41960,1
50728,1
50446,1
51210,1
59674,1
42964,1
5690,1
204564,1
52925,1
35223,1
199103,1
59833,1
56837,1
43172,1
208034,1
206245,1
15954,1
132322,1
38930,1
3161,1
13022,1
209746,1
21479,1
266009,1
20741,1
6503,1
201237,1
17705,1
22689,1
39122,1
11830,1
56690,1
17931,1
135932,1
198668,1
41535,1
198717,1
328633,1
52106,1
42375,1
49761,1
52938,1
7040,1
141226,1
48161,1
44988,1
57760,1
212763,1
49457,1
10013,1
55745,1
208001,1
39540,1
134739,1
55288,1
31363,1
141265,1
27923,1
35179,1
16185,1
42122,1
23807,1
141950,1
16232,1
212369,1
38917,1
213252,1
25398,1
2500,1
213145,1
45298,1
6535,1
11290,1
201924,1
135311,1
202616,1
21405,1
41557,1
196863,1
140599,1
209537,1
34123,1
262178,1
211409,1
47223,1
23655,1
43700,1
18809,1
24541,1
36829,1
28292,1
61108,1
206610,1
202103,1
44377,1
23859,1
136279,1
20657,1
267507,1
133480,1
134180,1
50448,1
49627,1
29667,1
48661,1
23862,1
136514,1
51515,1
28391,1
61424,1
12905,1
27747,1
48089,1
39024,1
16117,1
47626,1
63962,1
19037,1
4800,1
60414,1
47794,1
17917,1
34245,1
39306,1
34665,1
135071,1
50971,1
29468,1
47269,1
35593,1
43758,1
212640,1
61189,1
57795,1
60341,1
199883,1
8587,1
201476,1
28885,1
57866,1
60610,1
15693,1
30870,1
5419,1
24642,1
44043,1
31960,1
19893,1
32877,1
53941,1
395354,1
11372,1
265462,1
198130,1
393740,1
44684,1
49424,1
211497,1
24446,1
29581,1
135063,1
208626,1
17216,1
399337,1
32478,1
399606,1
208949,1
137425,1
6058,1
28847,1
12013,1
5606,1
213387,1
35425,1
264649,1
9260,1
21581,1
43476,1
35316,1
61964,1
202302,1
13576,1
396426,1
400615,1
32145,1
21700,1
48685,1
31463,1
43614,1
47625,1
61154,1
198352,1
199490,1
26617,1
210086,1
42751,1
51579,1
231,1
15129,1
15164,1
400494,1
54665,1
19084,1
399856,1
133271,1
29479,1
9607,1
28306,1
60422,1
24848,1
400427,1
16895,1
30170,1
14936,1
61461,1
11994,1
51612,1
42304,1
32,1
39686,1
61349,1
48287,1
15149,1
63834,1
270353,1
45459,1
15935,1
199648,1
53451,1
40531,1
51089,1
10587,1
33477,1
397511,1
395571,1
10364,1
15100,1
109,1
11708,1
16863,1
21743,1
62943,1
18762,1
19008,1
50,1
399296,1
400633,1
21976,1
11403,1
394752,1
25710,1
36223,1
395846,1
30119,1
12231,1
210630,1
36508,1
22394,1
17385,1
40749,1
11448,1
12261,1
400469,1
13428,1
4459,1
1448,1
11067,1
29894,1
22051,1
18474,1
29649,1
34500,1
50825,1
58915,1
34385,1
137707,1
211642,1
24839,1
395035,1
36394,1
396905,1
19133,1
11183,1
11525,1
399049,1
12028,1
399629,1
4130,1
33566,1
395719,1
23155,1
1224,1
53740,1
394907,1
395510,1
30432,1
207279,1
2734,1
24532,1
46632,1
131618,1
22009,1
131934,1
51444,1
21766,1
397473,1
29838,1
54579,1
400186,1
40197,1
211826,1
22552,1
25921,1
32298,1
203901,1
200889,1
213220,1
198758,1
38627,1
59693,1
53587,1
49126,1
14380,1
62579,1
395379,1
395658,1
23342,1
139432,1
211999,1
31679,1
