icp,count
nan,315465
粤ICP备10204380号,286
京ICP备18006787号-3,255
鲁ICP备20230049,251
粤ICP备16007529号-2,220
鄂ICP备15015324号,176
京ICP备20010272号-1,176
晋ICP备20210134,141
豫ICP备20230158,68
鲁ICP备17047754号-3,54
京ICP备00000000号,51
豫ICP备20230312,46
皖ICP备20240301,43
鄂ICP备09016424号-1,41
粤ICP备12345678号,40
蜀ICP备20210297,32
皖ICP备18007123号,30
苏ICP备20230036,27
沪ICP备16004584号-2,25
沪ICP备20230142,25
津ICP备20230007,24
浙ICP备20230148,24
京ICP备20210041,24
湘ICP备15002198号-4,20
皖ICP备20230062,20
桂ICP备20210017,16
鄂ICP备16005435号-1,16
沪ICP备12020720号-5,15
粤ICP备08028958号,14
蜀ICP备15032727号-1,13
粤ICP备16001151号-1,13
粤ICP备12009483号,13
陕ICP备11003551号-2,12
皖ICP备20210187,12
鄂ICP备20210198,12
京ICP备15044037号-2,12
皖ICP备20153129,12
晋ICP备20210188,11
京ICP备20220260,11
苏ICP备20030181号-1,11
豫ICP备20210036,11
鲁ICP备15044442号-1,11
京ICP备07010334号-2,10
蜀ICP备20220191,10
粤ICP备17051186号,10
蜀ICP备20210176,10
粤ICP备20242333,10
粤ICP备66666666,9
闽ICP备20009419号-1,9
闽ICP备20240643,9
冀ICP备20220007,9
苏ICP备19057122号,9
辽ICP备15012419号-8,8
沪ICP备20230150,8
陕ICP备20012251号-6,8
苏ICP备20210036,8
粤ICP备07074235号-1,8
京ICP备09067568号,8
浙ICP备17032687号-1,8
皖ICP备20200216,8
冀ICP备15012832号,7
浙ICP备15016984号-1,7
京ICP备20210197,7
京ICP备11044195-1,7
京ICP备20210021,7
京ICP备6666666号-1,7
闽ICP备20210016,7
浙ICP备20210390,7
京ICP备20200349,7
沪ICP备20240622,7
浙ICP备20230112,7
粤ICP备20242797,7
蒙ICP备20240121,7
京ICP备20240709,6
粤ICP备16009964号,6
豫ICP备20018186号-1,6
浙ICP备20017548号,6
蜀ICP备20230235,6
粤ICP备20231168,6
皖ICP备20230031,6
粤ICP备20221270,6
浙B2-20080101,6
粤ICP备19079316号,6
粤ICP备20241791,6
皖ICP备20230133,6
蜀ICP备20240634,6
京ICP备20240967,6
京ICP备20220023,6
苏ICP备19022582号-1,6
粤ICP备12053935号-1,6
鲁ICP备20241003,6
闽ICP备20220027,5
京ICP备20230043,5
浙ICP备20210404,5
京ICP备18888888号-1,5
鲁ICP备20230478,5
京ICP备16044936号-1,5
京ICP备20210153,5
赣ICP备20230080,5
沪ICP备18048206号-4,5
京ICP备20251135,5
京ICP备19004658号,5
沪ICP备20220171,5
京ICP备20240515,5
京ICP备14024349号-2,5
闽ICP备08105208号-1,5
粤ICP备20243287,5
冀ICP备20230448,5
冀ICP备20240951,5
粤ICP备20010391号-1,5
琼ICP备20210045,5
赣ICP备20230019,5
豫ICP备18029858号,5
京ICP备20220135,4
京ICP备19050713号,4
冀ICP备15006338号-1,4
蒙ICP备20250234,4
粤ICP备20066448号,4
赣ICP备20240403,4
蒙ICP备20240159,4
湘ICP备19027982号-1,4
蜀ICP备19040922号-1,4
鄂ICP备20230013,4
赣ICP备18006944号-9,4
豫ICP备15005129号-1,4
京ICP备20230064,4
京ICP备13006895号-1,4
沪ICP备19042199号-1,4
苏ICP备20230275,4
蜀ICP备15008072号,4
京ICP备16010327号-3,4
粤ICP备20230793,4
粤ICP备17096448号-1,4
粤ICP备17015212号-1,4
京ICP备20006850号-1,4
鄂ICP备20240588,4
陕ICP备18019017号-1,4
皖ICP备20240630,4
粤ICP备17020695号-1,4
粤ICP备20210413,4
浙ICP备20230461,4
粤ICP备19018924号,4
鲁ICP备19058162号-1,4
蜀ICP备11021414号-4,4
皖ICP备20240641,4
浙ICP备20008078号-1,4
苏ICP备20241108,4
沪ICP备20220312,4
豫ICP备20230083,4
鄂ICP备20230123,4
京ICP备20230415,4
湘ICP备20230156,4
浙ICP备17060689号-5,4
粤ICP备17086092号,4
蜀ICP备20230012,4
陕ICP备19016588号-1,4
沪ICP备20210064,4
京ICP备20230255,4
浙ICP备20220117,4
鄂ICP备20230118,4
粤ICP备20241645,4
渝ICP备20240362,4
京ICP备0000000号-1,4
京ICP备11017824号-4,4
鄂ICP备20240598,4
浙ICP备11004787号-2,4
蜀ICP备20200288,4
豫ICP备20240808,4
皖ICP备20230248,4
闽ICP备20230042,4
苏ICP备20230334,4
晋ICP备11000381号-1,4
蜀ICP备19040922-1,4
辽ICP备20250527,4
豫ICP备20230113,4
粤ICP备10056528号,4
蜀ICP备20251187,4
蒙ICP备15000089号-1,4
粤ICP备20241910,4
湘ICP备20220012,4
京ICP备18039637号-1,4
沪ICP备20240548,4
闽ICP备15015576号-1,4
粤ICP备20024190号-1,4
蜀ICP备20230029,3
豫ICP备20230049,3
粤ICP备20242394,3
吉ICP备20250253,3
蜀ICP备20241195,3
粤ICP备16105002号-2,3
赣ICP备18016092号-3,3
蜀ICP备20251222,3
京ICP备20240485,3
陕ICP备18009906号-2,3
皖ICP备20200205,3
沪ICP备20230357,3
粤ICP备20230568,3
苏ICP备15047460号,3
京ICP备10012421号,3
浙ICP备20210042,3
粤ICP备20211297,3
蜀ICP备20230266,3
吉ICP备20240176,3
京ICP备20230189,3
沪ICP备17001088号-2,3
浙ICP备14020137号-1,3
粤ICP备12068889号-1,3
蜀ICP备20230253,3
沪ICP备20240962,3
沪ICP备20230352,3
沪ICP备15040225号-7,3
粤ICP备20230011,3
豫ICP备20220263,3
苏ICP备67167405号-1,3
浙ICP备20220330,3
粤ICP备67658975号,3
浙ICP备20240573,3
沪ICP备16036948号-2,3
冀ICP备22644039号-1,3
豫ICP备20220193,3
粤ICP备20243384,3
粤ICP备20242993,3
粤ICP备20231021,3
鲁ICP备13013786号-1,3
晋ICP备20006058号,3
沪ICP备20200367,3
京ICP证030173号,3
晋ICP备18006406号-1,3
粤ICP备20231486,3
鲁ICP备20240835,3
京ICP备20005252号,3
鲁ICP备12345678号,3
京ICP备20230297,3
浙ICP备20241044,3
粤ICP备18087852号-1,3
粤ICP备17053707号,3
桂ICP备20240473,3
皖ICP备20220172,3
湘ICP备20240725,3
桂ICP备20230025,3
赣ICP备20240461,3
蜀ICP备20210320,3
冀ICP备15003481号,3
粤ICP备20242919,3
京ICP备20220218,3
粤ICP备20210307,3
皖ICP备20230034,3
蜀ICP备20210005,3
鄂ICP备20210020,3
鄂ICP备19021769号-3,3
闽ICP备20240703,3
粤ICP备19147946号-3,3
京ICP备20230086,3
京ICP备20230185,3
闽ICP备20240645,3
闽ICP备20230168,3
粤ICP备20221248,3
鲁ICP备20240595,3
津ICP备20230052,3
闽ICP备15016281号-6,3
湘ICP备20011205号-1,3
闽ICP备20250909,3
陕ICP备20240327,3
苏ICP备59031059号,3
陕ICP备40047623号,3
沪ICP备92446767号-2,3
渝ICP备20210026,3
京ICP备09058476号,3
赣ICP备20220064,3
琼ICP备20230012,3
鲁ICP备13027139号-2,3
闽ICP备20210081,3
鲁ICP备20241170,3
豫ICP备20240526,3
京ICP备20220001,3
浙ICP备20240556,3
鲁ICP备20240724,3
鄂ICP备20230111,3
皖ICP备20230141,3
湘ICP备20240987,3
粤ICP备19006683号,3
鲁ICP备19013538号-2,3
粤ICP备19110945号,3
渝ICP备20240299,3
青ICP备20220002,3
粤ICP备20242583,3
苏ICP备20210472,3
浙ICP备20220259,3
蜀ICP备13022973号,3
浙ICP备20230165,3
渝ICP备20240443,3
沪ICP备20210134,3
晋ICP备09005803号-3,3
粤ICP备20243483,3
皖ICP备19001747号,3
晋ICP备20240393,3
辽ICP备20230090,3
粤ICP备20253803,3
苏ICP备20241250,3
辽ICP备20240451,3
豫ICP备20210257,3
赣ICP备20210099,3
苏ICP备00000000,3
鲁ICP备20240668,3
浙ICP备20220137,3
沪ICP备20230064,3
鄂ICP备20210023,3
京ICP备15003345号-1,3
黑ICP备19007903号-1,3
粤ICP备20242943,3
粤ICP备20220136,3
皖ICP备17010519号,3
蜀ICP备17039398号-4,3
蜀ICP备20230089,3
晋ICP备20240495,3
京ICP备20230370,3
蜀ICP备20240879,3
京ICP备20210305,3
粤ICP备20211097,3
京ICP备20240877,3
粤ICP备20211554,3
闽ICP备20220072,3
闽ICP备11696920号-1,3
浙ICP备20230104,3
京ICP备10215846号-9,3
赣ICP备20240327,2
浙ICP备20200406,2
闽ICP备20250832,2
粤ICP备20231466,2
皖ICP备20240535,2
浙ICP备20241121,2
沪ICP备17048459号-2,2
京ICP备20210159,2
新ICP备20240128,2
苏ICP备20230126,2
苏ICP备20240942,2
苏ICP备15026757号-3,2
京ICP备14000430号-3,2
粤ICP备20230784,2
浙ICP备15043004号-1,2
蒙ICP备20240164,2
苏ICP备20230183,2
苏ICP备10230327号,2
粤ICP备17017967号,2
豫ICP备20240415,2
晋ICP备20240430,2
渝ICP备20220051,2
鲁ICP备16019852号-3,2
沪ICP备18043513号-1,2
豫ICP备20230169,2
京ICP备12000409号-7,2
浙ICP备20016876号,2
蜀ICP备20220004,2
鄂ICP备20240675,2
鲁ICP备20210144,2
沪ICP备20240525,2
渝ICP备20250509,2
京ICP备0874673号-1,2
渝ICP备20006994号-1,2
津ICP备20210081,2
蜀ICP备20251208,2
粤ICP备20210122,2
津ICP备20250295,2
粤ICP备20231052,2
湘ICP备20230150,2
陕ICP备20240439,2
闽ICP备20210194,2
粤ICP备20253737,2
京ICP备17064481号-1,2
晋ICP备20230229,2
粤ICP备20230904,2
闽ICP备17030241号,2
湘ICP备20240651,2
沪ICP备16036948号,2
陕ICP备20240414,2
蜀ICP备19028478号-1,2
皖ICP备20230215,2
渝ICP备15008036号-1,2
粤ICP备20221504,2
京ICP备20240465,2
鲁ICP备20230008,2
冀ICP备20240876,2
宁ICP备20230006,2
蜀ICP备19040087号-1,2
吉ICP备09006155号,2
鲁ICP备20230488,2
粤ICP备20230462,2
陕ICP备20008602号-3,2
浙ICP备20230220,2
辽ICP备20210045,2
湘ICP备19001018号-1,2
苏ICP备20241102,2
渝ICP备20230076,2
鲁ICP备20240990,2
黑ICP备20210040,2
苏ICP备15026176号,2
浙ICP备20240955,2
粤ICP备17089840号,2
沪ICP备20230028,2
陕ICP备20220117,2
闽ICP备20240158,2
豫ICP备20013274号-1,2
鄂ICP备20240381,2
皖ICP备20230673,2
豫ICP备20240481,2
皖ICP备18025588号-5,2
闽ICP备16038173号-1,2
桂ICP备20230007,2
陕ICP备20220038,2
京ICP备18888888号,2
闽ICP备20230255,2
浙ICP备20230345,2
豫ICP备20251167,2
闽ICP备20210007,2
赣ICP备20200142,2
苏ICP备16007882号,2
晋ICP备20230072,2
湘ICP备20240943,2
鲁ICP备20240629,2
陕ICP备20230106,2
冀ICP备20240606,2
蒙ICP备16002829号,2
粤ICP备19063594号-2,2
粤ICP备20211220,2
湘ICP备17023120号-2,2
鲁ICP备20251465,2
闽ICP备17033777号,2
皖ICP备20240593,2
晋ICP备19000008号-9,2
京ICP备20230081,2
鲁ICP备20230182,2
蜀ICP备18029938号,2
闽ICP备19002457号-1,2
豫ICP备20251075,2
浙ICP备20230222,2
鲁ICP备19007748号-2,2
京ICP备20230201,2
蜀ICP备19023992号-1,2
苏ICP备19067394号-1,2
湘ICP备20240944,2
皖ICP备20210162,2
浙ICP备20220356,2
晋ICP备20200134,2
鄂ICP备20240626,2
蜀ICP备20220073,2
闽ICP备20240469,2
蜀ICP备20230210,2
蜀ICP备20241073,2
湘ICP备17006529号-1,2
蜀ICP备20220261,2
渝ICP备20240209,2
苏ICP备16008348号-5,2
闽ICP备20240515,2
苏ICP备20230195,2
琼ICP备20210049,2
蜀ICP备20240696,2
京ICP备20220126,2
苏ICP备14036222号,2
琼ICP备20240441,2
吉ICP备20002328号,2
粤ICP备18135734号,2
粤ICP备20242771,2
辽ICP备19020488号-8,2
浙ICP备19001201号-2,2
粤ICP备20220668,2
豫ICP备20240765,2
冀ICP备20240696,2
蜀ICP备20251220,2
浙ICP备20240624,2
浙ICP备20241069,2
湘ICP备20230073,2
豫ICP备20240937,2
粤ICP备20231251,2
粤ICP备16009263号-4,2
粤ICP备00000000,2
粤ICP备20243438,2
闽ICP备20200206,2
沪ICP备08021916号-3,2
京ICP备20200449,2
浙ICP备20240879,2
渝ICP备20230094,2
闽ICP备20240725,2
蜀ICP备20220204,2
鲁ICP备20006325号-2,2
粤ICP备20231065,2
闽ICP备20240796,2
粤ICP备20210259,2
沪ICP备20240706,2
京ICP备20220032,2
京ICP备20030299号-2,2
湘ICP备20240462,2
蒙ICP备20240171,2
鄂ICP备20240874,2
鄂ICP备20240674,2
粤ICP备20243503,2
粤ICP备16116485号,2
京ICP备18062017号-1,2
豫ICP备20240861,2
沪ICP备20240924,2
沪ICP备20240914,2
辽ICP备20230005,2
浙ICP备20230106,2
苏ICP备20220300,2
京ICP备20220018,2
浙ICP备20230059,2
鲁ICP备18044518号-1,2
闽ICP备20220189,2
粤ICP备20230683,2
琼ICP备20240293,2
鲁ICP备20230245,2
晋ICP备17001291号-6,2
皖ICP备20240572,2
蜀ICP备20220186,2
桂ICP备20210095,2
蜀ICP备20230419,2
蜀ICP备20220210,2
京ICP备20011345号,2
京ICP备17056993号-1,2
蜀ICP备20240625,2
黑ICP备17000077号-1,2
粤ICP备20241776,2
陕ICP备20008602号-4,2
渝ICP备20240332,2
京ICP备20230132,2
豫ICP备20240900,2
京ICP备20210262,2
京ICP备20220210,2
冀ICP备20240854,2
粤ICP备20231554,2
渝ICP备20008343号-1,2
贵ICP备20220051,2
吉ICP备20240186,2
赣ICP备20230125,2
冀ICP备15004301号-3,2
闽ICP备20210136,2
闽ICP备20220068,2
闽ICP备12020919号,2
豫ICP备20251192,2
沪ICP备20240408,2
苏ICP备20241361,2
蜀ICP备20240833,2
豫ICP备20251188,2
粤ICP备20201253,2
桂ICP备20250530,2
沪ICP备18048206号-2,2
皖ICP备14010196号-1,2
沪ICP备20210015,2
皖ICP备20250724,2
辽ICP备20240382,2
粤ICP备17154460号,2
苏ICP备20240728,2
苏ICP备15032876号-1,2
豫ICP备20230119,2
京ICP备20240426,2
蜀ICP备20230122,2
粤ICP备14081435号,2
粤ICP备20230606,2
新ICP备20240149,2
浙ICP备64925011号,2
闽ICP备20230186,2
粤ICP备20242425,2
沪ICP备17048459号-5,2
桂ICP备20240341,2
京ICP备16046636号-2,2
粤B2-20090191-1,2
粤ICP备20242985,2
京ICP证48796266号,2
蜀ICP备20240614,2
沪ICP备20200317,2
闽ICP备20220114,2
赣ICP备20250599,2
京ICP备20240818,2
蜀ICP备20023555号,2
湘ICP备19008536号-4,2
皖ICP备20240391,2
蜀ICP备20251211,2
京ICP备20251082,2
沪ICP备20230257,2
粤ICP备20230677,2
陕ICP备20240298,2
京ICP备20240963,2
豫ICP备20251071,2
蜀ICP备20210170,2
鲁ICP备20210278,2
粤ICP备15024293号,2
湘ICP备17007482号,2
豫ICP备20251134,2
沪ICP备20241037,2
苏ICP备17024786号,2
粤ICP备20242629,2
京ICP备20017816号-1,2
津ICP备20240235,2
湘ICP备20230010,2
渝ICP备20001946号-9,2
粤ICP备20242147,2
粤ICP备15048254号,2
京ICP证140554号,2
鄂ICP备17003086号-2,2
皖ICP备19020331号-3,2
津ICP备18001931号,2
琼ICP备11200143,2
沪ICP备48066922号-1,2
粤ICP备20027822号,2
京ICP备20220209,2
浙ICP备20210398,2
京ICP备18033986号-1,2
沪ICP备20230183,2
粤ICP备15008574号-1,2
浙ICP备16002580号-2,2
闽ICP备20200211,2
赣ICP备59485853号-1,2
冀ICP备20230244,2
蒙ICP备20220006,2
沪ICP备20220306,2
京ICP备16055707号-1,2
豫ICP备20240970,2
豫ICP备20230045,2
藏ICP备53366453号-1,2
鲁ICP备1856228-1,2
宁ICP备40759800号-1,2
鄂ICP备17020565号-1,2
粤ICP备12016504号,2
湘ICP备19016271号,2
蜀ICP备20200345,2
鄂ICP备20220154,2
甘ICP备20240158,2
沪ICP备20240504,2
浙ICP备20220168,2
闽ICP备15571257,2
蜀ICP备20230139,2
鲁ICP备20241034,2
沪ICP备19035838号-8,2
桂ICP备20230126,2
黑ICP备19000518号-1,2
浙ICP备07855627号-1,2
鲁ICP备20230135,2
桂ICP备20240254,2
陕ICP备20240456,2
陕ICP备20250608,2
渝ICP备20240208,2
皖ICP备12018413号-1,1
粤ICP备20242223,1
津ICP备20210003,1
鄂ICP备20210215,1
豫ICP备14016603号-6,1
苏ICP备18028810号-6,1
晋ICP备03239912号-1,1
陕ICP备04154142号-1,1
湘ICP备14006570号,1
苏ICP备20220476,1
鄂ICP备19027486号-5,1
京ICP备09112257号-9,1
鄂ICP备24863018号-1,1
苏ICP备11024447号,1
黑ICP备17001315,1
冀ICP备15004376号,1
闽ICP备87355871号-1,1
粤ICP备20025682号,1
沪ICP备11033349号,1
川ICP备47488888号-1,1
苏ICP备10113529号,1
粤ICP备07563169号-1,1
粤ICP备10098153号,1
粤ICP备20201135,1
粤ICP备19017522号,1
沪ICP备20230125,1
粤ICP备20250000,1
苏ICP备20210109,1
琼ICP备20220159,1
粤ICP备20231148,1
蜀ICP备20251237,1
新ICP备20240060,1
沪ICP备20251179,1
粤ICP备19099358号-2,1
粤ICP备54654646,1
豫ICP备20240911,1
晋ICP备20003424号,1
鲁ICP备20220187,1
粤ICP备20231327,1
粤ICP备20242857,1
京ICP备15063626号-6,1
京ICP备20240754,1
皖ICP备20001341号-2,1
粤ICP备20230686,1
鲁ICP备20210357,1
陕ICP备20230073,1
粤ICP备20242834,1
京ICP备18056879号,1
京ICP备14007360号-4,1
粤ICP备20230820,1
粤ICP备20048771号-1,1
粤ICP备20242618,1
苏ICP备14040777号,1
苏ICP备16003166号,1
渝ICP备20230090,1
京ICP备19001178号-1,1
浙ICP备20009359号-3,1
京ICP备17011345号-8,1
苏ICP备20220107,1
新ICP备20240328,1
鲁ICP备19037561号-3,1
京ICP备11001960号,1
鄂ICP备20230004,1
豫ICP备20230271,1
黑ICP备20240202,1
豫ICP备20220042,1
鲁ICP备20241154,1
苏ICP备19008129号-1,1
陕ICP备20240245,1
闽ICP备15012807号-1,1
粤ICP备20242643,1
苏ICP备20241404,1
皖ICP备20231234,1
豫ICP备20220182,1
京ICP备12047111号-3,1
粤ICP备13127618号,1
渝ICP备20005643号-1,1
湘ICP备20240597,1
鄂ICP备20220132,1
闽ICP备16009488号-1,1
沪ICP备20230095,1
津ICP备20230046,1
浙B2-20120091-8,1
鲁ICP备20220402,1
鲁ICP备20230134,1
京ICP备17073147号,1
浙ICP备20240780,1
豫ICP备20240790,1
浙ICP备12020276号-2,1
鄂ICP备20230256,1
苏ICP备20241095,1
浙B2-20090265,1
京ICP备20200457,1
粤ICP备20243298,1
冀ICP备20230172,1
浙ICP备19027514号-1,1
皖ICP备20240512,1
豫ICP备20200333,1
粤ICP备20242079,1
鄂ICP备20230112,1
闽ICP备19006036号-2,1
浙ICP备19013038号,1
京ICP备20220342,1
晋ICP备17005780号-3,1
豫ICP备20015334号-2,1
皖ICP备19020235号-1,1
渝ICP备20240266,1
桂ICP备20240264,1
宁ICP备20210027,1
苏ICP备11006380号-4,1
浙ICP备20220252,1
黑ICP备20240229,1
湘ICP备20220190,1
粤ICP备20242402,1
闽ICP备20230050,1
京ICP证100666号,1
粤ICP备20045336号,1
琼ICP备20230057,1
浙ICP备20220333,1
京ICP备20210381,1
皖ICP备20220176,1
浙ICP备20240990,1
闽ICP备20230115,1
冀ICP备19028267号,1
粤ICP备20231031,1
鲁ICP备20241141,1
冀ICP备20240852,1
鄂ICP备20210102,1
浙ICP备15009899号-3,1
粤ICP备20200757,1
川B2-20030002,1
京ICP备20200420,1
渝ICP备20210072,1
冀ICP备20240589,1
晋ICP备20210025,1
苏ICP备20220389,1
粤ICP备20211001,1
粤ICP备20242396,1
鲁ICP备17006118号-8,1
辽ICP备20220001,1
新ICP备20240161,1
粤ICP备20241714,1
京ICP备18013385号-8,1
鄂ICP备20240627,1
津ICP备20220024,1
鲁ICP备19059248号-1,1
苏ICP备15008986号,1
浙ICP备14039023号-1,1
浙ICP备20240623,1
豫ICP备19045256号-1,1
湘ICP备18003126号-1,1
鄂ICP备15006080号-2,1
京ICP备20004689号-1,1
浙ICP备20240673,1
湘ICP备20240410,1
粤ICP备18092257号,1
浙ICP备20230079,1
鄂ICP备20230029,1
鄂ICP备20240538,1
渝ICP备20230125,1
湘ICP备20210129,1
京ICP备20220093,1
粤ICP备20242754,1
闽ICP备20200210,1
鲁ICP备19040250号,1
苏ICP备19054933号,1
蜀ICP备20220229,1
苏ICP备20241347,1
晋ICP备20240389,1
皖ICP备20230092,1
粤ICP备20210812,1
苏ICP备20230520,1
蜀ICP备20200258,1
豫ICP备19040166号-2,1
赣ICP备20007769号-4,1
苏ICP备20241393,1
晋ICP备19015261号,1
辽ICP备20250515,1
琼ICP备20240435,1
鲁ICP备20230390,1
渝ICP备20220034,1
鲁ICP备20241311,1
蜀ICP备20230227,1
鄂ICP备15006080号-1,1
粤ICP备20230769,1
京ICP备20018740号-1,1
沪ICP备19027229号-1,1
蜀ICP备19004758号-1,1
粤ICP备13456734号,1
青ICP备20230000,1
苏ICP备20230149,1
黑ICP备20230141,1
鄂ICP备20240817,1
渝ICP备20240232,1
苏ICP备19055397号-3,1
京ICP备12003892号-1,1
浙ICP备20230140,1
京ICP备20200465,1
蜀ICP备20240730,1
宁ICP备20220006,1
粤ICP备10068991号,1
沪ICP备20240593,1
沪ICP备13018278号-5,1
京ICP备15042706号-5,1
皖ICP备20240716,1
皖ICP备20240608,1
皖ICP备19013819号-2,1
鲁ICP备20241211,1
鲁ICP备20241184,1
琼ICP备19000584号-1,1
鲁ICP备20241107,1
粤ICP备20009849号-2,1
粤ICP备20251132,1
京ICP备18039103号-2,1
冀ICP备20240745,1
冀ICP备20220073,1
蜀ICP备20017051号-1,1
粤ICP备20243494,1
赣ICP备18002216号-4,1
渝B2-20200067,1
京ICP备20027199号-1,1
辽ICP备17020611号-1,1
粤ICP备20253817,1
皖ICP备20220110,1
粤ICP备20242688,1
京ICP备20230359,1
皖ICP备20006929号-1,1
陕ICP备20008989号-3,1
鄂ICP备20220028,1
闽ICP备20004781号,1
粤ICP备20243522,1
冀ICP备17002879号-2,1
晋ICP备14003360号-1,1
沪ICP备17050634号-3,1
蜀ICP备20230150,1
赣ICP备20240262,1
湘ICP备20008299号,1
沪ICP备11451419,1
鲁ICP备20210434,1
京ICP备20240800,1
陕ICP备20240329,1
辽ICP备20220061,1
鄂ICP备16003092号-1,1
冀ICP备16003819号,1
蜀ICP备20240524,1
粤ICP备20241806,1
湘ICP备14003878号-4,1
赣ICP备20230069,1
粤ICP备20210679,1
陕ICP备20240394,1
浙ICP备20241382,1
辽ICP备20230142,1
冀ICP备20230287,1
京ICP备18024858号-5,1
京ICP备20251171,1
蜀ICP备14024063号-1,1
吉ICP备10004020号-6,1
浙ICP备11032051号,1
桂ICP备13005513号-1,1
吉ICP备15004344号-1,1
桂ICP备20210065,1
粤ICP备14096991号-5,1
闽ICP备20250840,1
冀ICP备20240484,1
苏ICP备16068164号-3,1
蜀ICP备20240840,1
闽ICP备16009488号-2,1
粤ICP备20241623,1
蜀ICP备20230423,1
鄂ICP备20250974,1
苏ICP备20251641,1
豫ICP备20240625,1
蜀ICP备20240773,1
沪ICP备20220343,1
粤ICP备20242340,1
京ICP备20240941,1
蒙ICP备20250228,1
蜀ICP备18011055号-2,1
陕ICP备20200164,1
沪ICP备20230053,1
鄂ICP备20230172,1
沪ICP备20251093,1
陕ICP备20230201,1
津ICP备15005652号-5,1
鲁ICP备14021824号-2,1
闽ICP备17004122号,1
蜀ICP备14021999号-4,1
鄂ICP备20210207,1
鲁ICP备20220329,1
豫ICP备20241050,1
琼ICP备20220111,1
粤ICP备20253916,1
皖ICP备19009470号,1
豫ICP备20240862,1
赣ICP备20220114,1
赣ICP备20240225,1
京ICP备20027199号-8,1
渝ICP备20230109,1
粤ICP备20242356,1
蜀ICP备13016548号-3,1
皖ICP备20230088,1
湘ICP备20220018,1
沪ICP备14046181号-1,1
豫ICP备17048197号,1
津ICP备20240210,1
黑ICP备15000123号-5,1
京ICP备16010327号,1
粤ICP备20211781,1
蜀ICP备20230116,1
鄂ICP备20230132,1
粤ICP备20230798,1
皖ICP备20230042,1
鲁ICP备20251525,1
湘ICP备20210195,1
晋ICP备20230199,1
皖ICP备20210170,1
京ICP备20240528,1
陕ICP备20250605,1
冀ICP备20240767,1
鲁ICP备20000869号,1
皖ICP备20220019,1
京ICP备20220157,1
浙ICP备19043990号-2,1
豫ICP备11007008号-3,1
鄂ICP备14017434号-7,1
苏ICP备20230129,1
浙ICP备19043990号-1,1
冀ICP备20210272,1
沪ICP备20220334,1
湘ICP备19024560号-3,1
粤ICP备20253924,1
浙ICP备16012272号-9,1
粤ICP备20253755,1
蜀ICP备13004263号-1,1
闽ICP备20220032,1
粤ICP备20242582,1
渝ICP备20006019号,1
京ICP备20240810,1
冀ICP备19026844号-4,1
青ICP备20250041,1
皖ICP备20210080,1
渝ICP备20240314,1
辽ICP备20210018,1
京ICP备12022382号-3,1
浙ICP备14038291号-6,1
湘ICP备20240931,1
粤ICP备20253938,1
鲁ICP备20210037,1
京ICP备16041031号-3,1
粤ICP备18028092号-1,1
鲁ICP备14011120号,1
皖ICP备17019492号-7,1
陕ICP备20230117,1
蜀ICP备20230107,1
陕ICP备20240222,1
赣ICP备15009801号,1
京ICP备14020293号-4,1
粤ICP备20003656号,1
闽ICP备20005033号-5,1
闽ICP备20200165,1
闽ICP备20005033号-7,1
冀ICP备20240669,1
京ICP备15049550号-1,1
沪ICP备20240753,1
粤ICP备20221255,1
粤ICP备20221043,1
沪ICP备19009897号-9,1
皖ICP备20240403,1
晋ICP备17013069号-1,1
沪ICP备20220277,1
京ICP备20005290号-1,1
蜀ICP备20240855,1
沪ICP备15013661号-2,1
豫ICP备20230179,1
鄂ICP备20240878,1
沪ICP备19007711号-1,1
沪ICP备20220267,1
苏ICP备20241327,1
湘ICP备20230142,1
沪ICP备20230134,1
蜀ICP备12020195号-1,1
粤ICP备20243416,1
粤ICP备18004469号,1
京ICP备20240922,1
京ICP备20011889号-2,1
苏ICP备20210545,1
鄂ICP备20250925,1
京ICP备20251190,1
浙ICP备17024827号-3,1
冀ICP备20210167,1
鲁ICP备20230127,1
蜀ICP备20210291,1
蜀ICP备20241148,1
赣ICP备20240431,1
皖ICP备17027228号-2,1
浙ICP备20240873,1
沪ICP备20240990,1
浙ICP备20241038,1
冀ICP备20230153,1
津ICP备17010941号-1,1
粤ICP备14056850号,1
渝ICP备20250520,1
蜀ICP备20251249,1
蜀ICP备20251221,1
鲁ICP备20241227,1
冀ICP备20240775,1
粤ICP备20230815,1
浙ICP备20241371,1
鄂ICP备20220022,1
粤ICP备20230242,1
苏ICP备20241464,1
湘ICP备20251140,1
沪ICP备14033602号-4,1
蜀ICP备20009404号-3,1
陕ICP备20240407,1
京ICP备19012194号,1
京ICP备17068716,1
沪ICP备69415309号-1,1
京ICP备20240961,1
京ICP备20200416,1
苏ICP备20027924号-1,1
苏ICP备05026575号-1,1
豫ICP备20230319,1
渝ICP备13006395号-1,1
湘ICP备17022252号-1,1
京ICP备20240994,1
蜀ICP备20210119,1
冀ICP备20210208,1
京ICP备15035364号,1
京ICP备05078561号-1,1
沪ICP备20210093,1
粤ICP备12001097号,1
京ICP备14003405号-6,1
沪ICP备09033802号,1
陕ICP备20004121号-1,1
苏ICP备15000828号-1,1
苏ICP备20038435号,1
粤ICP备13080851号,1
鄂ICP备18025750号-2,1
沪ICP备20007629号-1,1
蜀ICP备14001419号-3,1
闽ICP备12019840号-4,1
豫ICP备20230176,1
辽ICP备12345696号,1
辽ICP备12345694号,1
粤ICP备19041639号-3,1
辽ICP备1234297号,1
晋ICP备20001450号-1,1
晋ICP备20230227,1
苏ICP备20210349,1
沪ICP备20200323,1
沪ICP备09004260号,1
京ICP备20027449号-3,1
粤ICP备18099399号-2,1
粤ICP备56628019号-1,1
京ICP证041415号,1
苏ICP备20241268,1
湘ICP备17021969,1
豫ICP备17003646号-1,1
京ICP备17053453号-2,1
浙ICP备20230036,1
鲁ICP备14017488号-1,1
新ICP备69608417号-1,1
冀ICP备61150904号-1,1
冀ICP备16875117号-1,1
蜀ICP备91780584号-1,1
浙ICP备20230002,1
陕ICP备05296074号-1,1
沪B2-20180281,1
粤ICP备11010635号,1
沪ICP备14042421号,1
甘ICP备72429228号-1,1
粤ICP备08126086号-1,1
贵ICP备63858238号-1,1
粤ICP备18044521号,1
鲁ICP备11017265号,1
桂ICP备41671727号-1,1
藏ICP备50424234号-1,1
甘ICP备06513687号-1,1
渝ICP备16010812号,1
沪ICP备10425055号-1,1
粤ICP备15095226号,1
豫ICP备39675624号-1,1
沪ICP备87581838号-1,1
粤ICP备15113944号,1
豫ICP备15001149号,1
苏B2-20211057,1
闽ICP备16014090号,1
粤ICP备20220967,1
蜀ICP备19013976号,1
浙ICP备17016258号,1
蒙ICP备71235779号-1,1
湘ICP备40275830号-1,1
桂ICP备87408556号-1,1
粤ICP备17117134号,1
鲁ICP备60701777号-1,1
沪ICP备86943531号-1,1
苏ICP备20210257,1
粤ICP备50881082号-1,1
晋ICP备18013971号,1
浙ICP备06046741号,1
蒙ICP备20099294号-1,1
粤ICP备18029766号,1
粤ICP备14093591号-7,1
浙ICP备20220144,1
京ICP备17465192号,1
京ICP备888888号,1
粤ICP备20071335号,1
沪ICP备03527924号-1,1
新ICP备79851028号-1,1
苏ICP备10087949号,1
陕ICP备48458877号-1,1
鲁ICP备26993968号-1,1
蒙ICP备67746374号-1,1
浙ICP备11051798号,1
湘ICP备58381449号-1,1
粤ICP备00005166号-1,1
蒙ICP备34204054号-1,1
