latitude,count
37.7757,29003
39.039474,15517
39.907501,14494
50.110882,13621
1.289987,12571
51.50853,9879
30.29365,8407
35.689499,8232
-33.867779,7716
22.285521,6858
45.52346,6226
53.344151,6015
19.075975,5641
37.566311,5244
48.859077,5091
33.748795,4983
40.821827,4784
32.948284,4641
31.224333,4142
34.694218,4030
-23.547121,3988
39.96138,3969
45.508839,3891
48.32386,3861
-33.925552,3639
59.332748,3448
37.33939,3223
23.127361,3181
22.545673,3082
34.0154,2695
47.604309,2551
25.038172,2304
52.524525,2298
52.378502,2172
37.774929,2150
34.05257,1829
34.192921,1774
37.279179,1735
55.752258,1309
37.405991,1294
50.69371,1286
60.169521,1286
30.66667,1189
45.839859,1157
50.087936,1109
41.26194,1016
45.464336,999
51.514938,963
38.901566,935
32.061668,859
34.052986,859
37.420624,829
49.004719,817
37.354111,814
40.416817,809
32.080898,800
51.9687,788
48.137428,785
38.37006,781
50.604919,760
40.804077,741
51.221535,719
55.675941,712
50.850849,691
43.623768,648
40.034107,640
40.657379,628
36.667641,599
38.713848,593
50.477852,591
47.234463,590
29.56278,586
43.65366,577
59.89444,569
30.58333,566
51.48,548
39.099731,547
52.229771,493
34.757778,492
53.480949,478
40.213909,451
51.441029,443
33.448231,442
29.87841,423
31.311365,411
33.336079,407
48.583714,406
53.42894,404
36.668331,403
32.888702,386
47.627499,386
40.713192,370
40.858585,365
47.366825,359
49.05225,349
49.447781,348
34.09914,343
0.0,326
30.752199,305
36.09861,300
53.575253,296
34.04324,293
39.142181,291
51.75,289
37.333698,288
46.624722,287
-6.208678,281
41.600449,276
37.229656,274
37.547424,273
49.232426,271
30.191099,267
56.039909,264
25.12821,263
21.02441,257
45.594784,256
47.474045,254
13.749976,252
28.200001,252
37.869438,248
40.719936,247
50.083599,243
37.548271,238
41.875771,231
25.725082,231
12.97623,227
10.75,226
10.368432,225
43.600574,223
-6.234922,216
18.519663,215
31.569349,211
25.774269,211
24.860001,209
37.53244,208
37.874722,202
50.933346,200
39.147839,197
24.47979,194
28.683331,193
61.361389,191
29.42412,191
53.219173,185
35.694241,184
23.02677,181
38.956692,174
22.276541,174
30.011021,173
33.727291,171
25.258471,170
31.863815,170
38.89539,169
37.266792,167
38.041599,165
52.406914,165
28.579891,164
23.04878,160
30.332134,156
52.51244,156
26.06139,154
52.255001,154
22.816669,153
25.038891,152
52.382511,152
32.265343,148
48.148209,145
33.930222,145
42.69751,145
32.566669,143
52.218185,140
-26.20225,140
50.828381,137
50.454659,135
50.605453,133
36.05669,132
41.792221,132
36.174969,131
17.37529,130
51.051373,129
32.783058,126
-37.814007,123
24.913891,121
33.818501,120
33.583057,118
39.96244,118
41.01384,117
47.682899,116
35.994701,116
42.8825,115
-33.426498,115
48.782536,114
25.85,113
54.689186,113
36.837925,109
36.853149,107
59.91275,107
22.200497,107
36.321327,107
47.620621,106
38.468239,105
40.733398,105
3.141301,104
37.97945,104
39.22031,103
39.509766,103
47.498253,103
31.783331,103
40.734699,102
40.233807,100
52.695984,99
40.554516,99
25.014353,98
38.9776,98
46.180931,97
24.687729,97
34.258331,96
52.370834,96
34.060734,95
28.666668,94
20.04583,93
40.651909,93
49.195271,90
-27.467541,90
29.562281,90
42.73328,89
35.063061,88
48.208889,86
32.209366,85
37.323002,85
27.99942,83
50.893551,83
3.084974,82
41.069592,81
44.432301,81
48.916981,81
55.041737,79
51.922501,79
13.3622,79
40.540092,79
-36.866669,79
51.671089,77
51.586559,76
33.933334,76
52.259247,76
28.666775,75
52.158356,74
50.796459,72
52.033329,72
40.73967,72
51.050076,71
51.481659,71
53.20153,70
52.339642,70
37.12907,69
27.83333,68
55.424179,67
52.370319,65
24.993862,65
37.640278,65
38.716751,62
32.397221,62
52.007481,61
52.076649,61
40.732277,61
19.428471,61
44.979969,61
39.952339,61
54.352051,61
47.132401,61
43.461441,60
24.80361,60
51.339619,60
49.466331,60
34.732788,59
53.112526,59
44.787823,59
60.674911,59
41.865601,58
36.032398,58
50.518436,57
38.631317,57
22.58333,57
45.518246,57
40.76078,56
51.98,56
28.00736,56
33.788406,56
31.695681,55
-25.744909,54
50.383598,54
34.600025,54
56.857498,53
53.075382,53
53.686005,53
49.496521,53
-34.6036,53
27.25,52
25.786289,52
52.297779,52
55.952061,52
38.851109,51
32.042267,51
51.499912,51
35.589119,51
23.710394,51
50.48333,50
23.613331,49
36.600559,49
40.790012,49
38.637455,48
44.804142,48
55.904514,48
49.870419,48
31.459375,48
37.748425,48
32.733974,48
39.469482,48
47.558598,47
27.95783,47
46.109192,47
40.44062,47
42.228848,47
47.500477,46
52.380795,46
40.544018,46
13.087898,46
30.87055,45
22.52058,45
43.653625,44
37.477234,44
41.38879,44
23.665661,44
42.365078,43
35.162052,43
59.436958,42
33.919201,42
49.240822,42
39.739361,42
-31.95224,41
52.481419,41
52.155071,41
47.610634,40
31.13019,40
52.525002,40
29.33333,40
42.50848,40
31.65,40
32.030296,39
50.776546,39
-22.905743,39
42.375111,39
40.796745,39
45.75,39
50.734478,39
37.533329,38
59.928982,38
49.355572,38
49.015205,38
41.330189,38
29.499678,38
46.051243,38
37.453594,38
33.34058,37
33.736172,37
49.249893,37
30.267151,37
11.562516,37
-24.786217,37
47.429165,37
41.508816,37
30.01347,36
52.847542,36
52.631718,36
35.154533,36
50.914398,36
49.611542,36
43.296951,36
51.845043,35
53.86898,35
49.833328,35
33.385559,35
48.364727,35
44.868427,35
47.380932,35
50.978943,35
48.306385,35
35.308777,35
29.763029,35
28.53834,35
44.016445,35
46.94809,35
60.205212,35
41.585686,34
24.297689,34
43.446182,34
40.884785,34
53.675434,34
35.870327,34
49.416382,33
-22.906759,33
54.321358,33
51.246769,33
32.876099,33
-34.928661,33
23.36422,33
49.506538,33
35.239719,33
53.382969,33
39.617233,33
49.080009,32
56.945999,32
40.79845,32
48.974449,32
45.52726,32
38.881008,32
52.508331,32
34.1022,32
32.492168,32
24.513271,31
51.5,31
49.870602,31
23.368172,31
37.3521,31
42.840626,31
32.992397,31
48.813854,31
46.477276,31
51.219891,30
37.366619,30
51.249981,30
34.266666,30
35.689507,30
41.867199,30
53.900074,30
26.58333,30
51.050743,30
39.290379,30
48.424168,29
43.212879,29
51.262489,29
38.564316,29
33.588612,29
48.32333,29
53.22683,29
52.67659,29
30.714531,29
48.099972,29
14.6042,29
52.396427,29
42.00668,28
4.60971,28
51.5075,28
36.720173,28
-1.28333,28
45.418877,28
41.25861,28
40.191727,28
46.812279,28
54.088699,28
59.858379,28
51.442501,27
49.747562,27
51.83202,27
33.753601,27
-7.78278,27
42.278015,27
43.880001,27
41.771,27
55.86515,27
45.814396,27
37.005848,27
40.810024,27
35.243061,26
35.227089,26
24.146866,26
43.250042,26
39.932541,26
52.091099,26
56.500103,26
39.50972,26
28.11639,26
34.683289,26
51.002693,26
49.235401,26
36.945187,26
50.88369,26
49.93866,26
34.864719,26
44.466686,25
40.013821,25
43.65633,25
51.865681,25
49.929008,25
22.930559,25
41.276379,25
32.09174,25
28.872391,25
9.14011,25
41.894253,25
49.834888,25
36.846809,24
40.273693,24
38.951668,24
43.579777,24
-33.902199,24
24.90575,24
48.891918,24
33.592995,24
46.202103,24
37.444057,24
41.639782,24
43.059444,24
53.200287,24
33.01968,24
16.067783,24
39.087345,24
43.466827,24
21.85,24
45.748314,24
51.09996,24
34.04174,24
-34.515469,24
49.298519,24
26.916765,24
61.499111,23
35.444443,23
57.630173,23
47.217342,23
47.77866,23
29.73333,23
48.51667,23
51.130291,23
38.406021,23
46.900879,23
54.899773,23
40.059631,23
45.648994,23
40.640331,23
49.457298,22
40.065647,22
24.312729,22
32.800369,22
42.358479,22
40.81065,22
38.677959,22
-7.248996,22
41.264648,22
51.907116,22
-35.283459,22
32.321941,22
51.587742,22
21.516939,22
64.135551,22
51.406059,22
50.120331,22
55.395939,22
-29.908079,21
-34.666935,21
57.707409,21
53.629459,21
33.808159,21
39.084068,21
47.799435,21
43.670841,21
39.034081,21
5.41146,21
51.24118,21
40.731323,21
55.731651,21
28.95944,21
37.255726,21
50.50404,21
19.413647,20
-33.883759,20
51.192478,20
52.266121,20
37.598671,20
54.51889,20
37.87159,20
55.60622,20
26.303234,20
39.105431,20
26.216667,20
33.738281,20
49.59552,20
51.20892,20
1.465653,20
28.460419,20
35.427513,20
43.105648,20
51.530819,20
39.633331,20
-38.234631,19
52.265697,19
33.640862,19
33.66946,19
49.781132,19
26.215372,19
43.71553,19
32.962769,19
47.68222,19
35.867001,19
33.072807,19
30.06263,19
41.846283,19
50.809124,19
39.768505,19
43.25,18
28.578844,18
38.58157,18
41.27203,18
52.84037,18
29.954651,18
22.616236,18
51.322727,18
37.517979,18
-6.178303,18
42.368481,18
50.082321,18
22.717911,18
50.258469,18
59.616169,18
37.758701,18
51.994064,18
51.96209,18
37.382282,18
50.18605,18
23.033199,18
50.46384,17
39.613087,17
38.412731,17
51.44202,17
48.841301,17
49.259239,17
27.54944,17
28.466713,17
28.45343,17
35.77766,17
48.480831,17
42.99564,17
37.392544,17
43.528301,17
51.73333,17
30.933332,17
53.123539,17
33.831848,17
36.107967,17
32.870201,17
46.583328,17
6.932475,17
45.411171,17
47.995899,16
51.456657,16
45.458408,16
38.727058,16
47.762211,16
50.84845,16
42.88728,16
51.481655,16
34.152027,16
49.980808,16
30.795149,16
60.416988,16
40.165714,16
36.099316,16
31.146,16
43.071846,16
43.671612,16
39.919868,16
48.398411,16
56.090115,16
36.790775,16
41.130642,16
37.176109,16
51.105721,16
31.648371,16
46.515991,16
33.679798,16
40.547459,16
26.88806,16
46.029442,16
35.46756,16
47.473331,16
50.452438,16
39.150673,16
50.723598,16
-8.05377,15
33.513191,15
51.842499,15
61.05872,15
32.21632,15
48.473778,15
52.585281,15
45.415367,15
53.617661,15
-23.5,15
63.430515,15
45.070492,15
58.139408,15
14.55027,15
11.48682,15
34.013348,15
20.600096,15
40.608212,15
36.16629,15
32.939491,15
21.649929,15
36.85664,15
30.291229,15
27.73444,15
55.0,15
51.456249,15
32.814899,15
32.786999,15
36.18528,15
45.43412,15
45.048801,15
54.299999,15
34.061256,15
37.498875,15
37.233421,15
25.702755,14
27.316669,14
27.85,14
37.062309,14
35.738152,14
-25.427849,14
50.650002,14
42.716671,14
48.066669,14
38.345028,14
28.635485,14
48.858364,14
32.99472,14
49.8848,14
51.567501,14
31.779034,14
53.753929,14
15.30174,14
48.82127,14
41.710869,14
50.309669,14
40.576283,14
26.178984,14
35.996613,14
34.96196,14
39.9673,14
-37.788273,14
48.765095,14
45.540195,14
49.366669,14
20.966627,14
-12.043333,14
50.506519,14
33.928822,14
55.154442,13
49.787991,13
48.40921,13
26.35869,13
33.073502,13
51.452969,13
26.71574,13
10.966695,13
54.333328,13
-34.833378,13
43.703129,13
43.386211,13
33.558178,13
33.633331,13
51.817501,13
51.522789,13
-20.538591,13
43.339626,13
34.496708,13
43.903568,13
50.632809,13
52.210197,13
25.045555,13
37.791256,13
48.248959,13
32.548328,13
25.7577,13
51.444881,13
40.368893,13
36.616669,13
56.491032,13
49.000381,13
51.25,13
50.767044,13
37.448608,13
43.305439,13
40.703873,12
42.275818,12
51.33231,12
28.805269,12
48.833328,12
32.839451,12
50.75383,12
37.8993,12
27.701826,12
43.598515,12
33.63644,12
58.970058,12
42.149971,12
-25.996386,12
49.710419,12
34.432999,12
-33.816788,12
49.375969,12
45.668331,12
51.644974,12
47.006042,12
48.147289,12
41.003479,12
30.01075,12
37.501308,12
29.294701,12
43.856541,12
34.01667,12
50.244499,12
59.133324,12
32.815559,12
44.493858,12
23.48333,12
27.947519,12
26.388929,12
34.019497,12
26.645119,12
-8.5155,11
28.316669,11
47.44083,11
48.916546,11
25.10722,11
34.000141,11
5.9749,11
-6.992896,11
46.554752,11
41.123611,11
47.613819,11
40.046795,11
25.811834,11
34.73077,11
3.08333,11
55.666714,11
41.655949,11
53.85548,11
37.656372,11
-29.120939,11
44.802689,11
47.653515,11
51.486599,11
56.11903,11
40.833382,11
48.845917,11
37.553867,11
39.529602,11
42.47337,11
39.553913,11
-6.4,11
34.353611,11
27.770866,11
54.706509,11
37.857368,11
33.862244,11
24.757053,11
51.85667,11
43.523464,11
23.52886,11
33.974442,11
41.141571,11
32.122784,11
24.466669,11
46.24556,11
30.73414,11
47.611679,11
40.758389,11
51.180099,11
44.226669,11
20.0,11
42.886765,11
55.75843,11
70.663361,11
53.530437,11
45.749439,11
43.60202,11
51.484459,11
40.298775,11
55.788826,11
53.41058,11
-16.678528,10
42.398708,10
47.686871,10
22.990889,10
68.979172,10
50.723141,10
47.066669,10
56.009766,10
52.237938,10
50.035889,10
59.327099,10
47.166683,10
27.686441,10
23.05176,10
50.67276,10
33.766945,10
57.047886,10
22.78863,10
45.487061,10
47.066444,10
36.719719,10
-29.857529,10
35.600197,10
43.610958,10
48.29026,10
43.860802,10
50.316669,10
39.207283,10
47.918869,10
39.659065,10
34.039043,10
-37.839611,10
31.71073,10
46.228878,10
49.838261,10
51.164997,10
42.461235,10
-27.59627,10
19.0,10
37.229488,10
51.432526,10
51.05011,10
52.18446,10
43.710075,10
36.397442,10
49.91362,10
40.269508,10
40.367458,10
37.454098,10
42.431107,10
47.423458,10
39.70594,9
32.953732,9
-7.115,9
49.16951,9
48.964859,9
10.950107,9
32.900108,9
54.62682,9
51.033329,9
50.980289,9
53.55014,9
35.571083,9
50.716671,9
50.143517,9
43.7798,9
51.40033,9
43.633118,9
53.158501,9
47.683235,9
40.783428,9
54.785152,9
49.683811,9
53.583328,9
60.719292,9
48.068329,9
30.054829,9
35.404999,9
43.85083,9
39.618328,9
47.663902,9
49.205002,9
39.74984,9
41.085392,9
39.676361,9
25.7747,9
43.29998,9
43.650002,9
-5.89056,9
45.481571,9
29.717869,9
45.467144,9
48.43919,9
27.117161,9
44.942818,9
52.511082,9
51.888359,9
55.73595,9
40.424881,9
54.503819,9
59.86552,9
39.758644,9
40.281063,9
36.15398,9
30.299999,9
43.604301,9
48.11198,9
38.982632,9
41.876148,9
34.766666,9
38.316669,9
34.420883,9
50.26667,9
27.833485,9
45.362698,9
44.052071,9
38.958759,9
37.73222,9
49.44313,9
40.753979,9
58.716671,9
56.328671,9
48.533329,9
60.049137,9
43.046597,9
47.877552,9
56.76667,9
57.586632,9
21.183331,8
45.77969,8
60.726379,8
30.421385,8
33.745571,8
26.241831,8
-25.316669,8
58.85244,8
35.011669,8
52.953602,8
50.543221,8
41.855831,8
40.129169,8
23.700001,8
43.208305,8
-22.781944,8
42.262646,8
51.584171,8
54.216251,8
50.633732,8
30.91667,8
53.955101,8
41.760578,8
38.254101,8
35.41708,8
51.62907,8
45.497631,8
32.44202,8
33.721558,8
30.350281,8
36.819,8
43.082302,8
48.759659,8
60.451485,8
38.589142,8
34.070251,8
43.613388,8
30.4,8
31.549677,8
45.427608,8
36.633331,8
46.349186,8
50.435879,8
35.6101,8
42.066292,8
55.32346,8
52.041721,8
52.779171,8
28.75992,8
47.513779,8
52.036339,8
41.457237,8
45.696281,8
36.444168,8
47.553711,8
-18.918501,8
51.511131,8
-15.779528,8
40.556416,8
53.95763,8
51.488331,8
40.6675,8
54.973282,8
53.382778,8
42.76667,8
33.770844,8
28.963017,8
43.371742,8
-6.91806,8
30.50897,8
-34.98333,8
45.524727,8
-4.616794,8
51.197128,8
-6.9203,8
33.091789,8
43.541039,8
44.645329,8
10.6442,8
47.316666,8
47.252762,8
-5.794862,8
45.173878,8
36.74773,8
47.423878,8
50.873249,8
37.316669,8
19.262213,7
48.672192,7
-37.686138,7
47.021561,7
43.766609,7
56.638844,7
49.56802,7
42.349998,7
46.32909,7
45.81625,7
35.943783,7
47.22683,7
35.166645,7
-42.87936,7
39.920639,7
32.695831,7
18.790686,7
57.48719,7
50.720482,7
35.084492,7
51.86692,7
-23.02972,7
35.816814,7
30.450785,7
43.425369,7
50.150002,7
40.650501,7
42.139374,7
29.651638,7
35.244171,7
33.015121,7
29.785789,7
32.221741,7
42.560177,7
53.744598,7
47.799999,7
49.23278,7
47.902859,7
34.069981,7
56.316669,7
43.166851,7
50.035019,7
26.132549,7
40.793327,7
25.27972,7
39.738007,7
48.0,7
40.763332,7
33.014568,7
32.979439,7
25.48333,7
37.987038,7
-33.781216,7
26.14204,7
58.017651,7
-20.16194,7
32.78088,7
55.96056,7
26.466669,7
47.656891,7
44.036083,7
51.555569,7
35.750046,7
60.392731,7
47.633331,7
30.05201,7
50.197159,7
-34.860451,7
41.220501,7
6.251712,7
58.516708,7
43.075291,7
42.963348,7
52.383331,7
52.398361,7
40.415329,7
49.596069,7
34.135864,7
50.100758,7
56.997311,7
29.883329,7
37.773968,7
-7.979982,7
47.979183,7
31.816669,7
30.294689,7
53.144306,7
48.044331,7
42.913361,7
56.516613,7
59.381222,7
20.966669,7
39.549999,7
48.683331,7
49.119274,7
37.947449,7
21.01667,7
47.97744,7
-31.413389,7
35.102779,7
34.075619,7
33.439648,7
45.300831,7
56.905521,7
-32.946827,7
59.164829,7
47.61734,7
52.416672,7
23.266573,7
51.964897,7
36.76775,7
50.486568,7
38.290562,7
45.34306,6
1.600032,6
52.722523,6
53.883301,6
-3.717162,6
40.181595,6
12.249852,6
46.7663,6
56.16156,6
34.683018,6
39.922501,6
59.71949,6
46.73127,6
41.823833,6
44.724247,6
7.890479,6
-37.95607,6
60.934395,6
41.167042,6
45.496239,6
47.907711,6
26.33983,6
39.143806,6
50.893223,6
21.307796,6
51.490108,6
0.316785,6
40.033329,6
41.590542,6
46.766972,6
-7.96556,6
59.359268,6
32.11417,6
16.933331,6
56.129219,6
-21.750011,6
4.2498,6
51.251835,6
46.851601,6
49.267384,6
46.705502,6
14.79808,6
51.557968,6
43.048119,6
41.69392,6
40.335369,6
45.438587,6
16.863401,6
47.414989,6
51.849998,6
52.029194,6
38.052849,6
51.047398,6
52.627831,6
51.41655,6
51.455231,6
41.117729,6
50.183331,6
39.165314,6
47.657291,6
51.547649,6
41.999657,6
51.699169,6
47.602402,6
50.668289,6
47.236038,6
35.994034,6
52.989471,6
50.035801,6
33.04623,6
42.3559,6
50.79443,6
59.195545,6
22.78199,6
47.307781,6
49.232189,6
45.76667,6
49.284622,6
51.383331,6
53.013748,6
40.739288,6
51.620789,6
37.45639,6
22.758387,6
34.33778,6
42.099751,6
42.29171,6
26.434427,6
35.994598,6
33.520733,6
19.450043,6
52.438541,6
40.41695,6
45.732151,6
11.90027,6
40.9842,6
36.455578,6
36.752499,6
38.97821,6
34.503365,6
49.76667,6
48.247921,6
48.136845,6
45.40242,6
60.886318,6
46.066669,6
41.149639,6
30.50802,6
55.8326,6
44.406395,6
46.363571,6
52.066669,6
39.196621,6
13.54753,6
47.700001,6
53.73333,6
48.117867,6
33.15065,6
39.942577,6
29.92914,6
38.409199,6
25.468733,6
52.127602,6
53.003819,6
44.399796,6
50.874779,6
34.271179,6
51.970001,6
45.697979,6
43.549969,6
50.452145,6
35.681454,6
53.683311,6
26.883329,6
52.524368,6
47.791042,6
41.308121,6
29.6036,6
40.88567,6
49.984234,6
42.492966,6
31.93931,6
32.325203,6
51.67207,6
43.7001,6
49.20356,5
63.60638,5
58.596657,5
25.666679,5
13.99904,5
21.950001,5
35.189007,5
35.835602,5
21.28145,5
30.244865,5
42.746445,5
3.043901,5
59.70306,5
35.316669,5
51.339111,5
32.799797,5
10.61667,5
50.477879,5
53.75,5
43.671326,5
44.459957,5
19.355854,5
27.433331,5
42.506062,5
45.501579,5
48.719593,5
54.099972,5
33.439751,5
29.7687,5
10.631724,5
41.763725,5
41.845917,5
39.360275,5
39.925949,5
20.933216,5
36.5956,5
41.556957,5
45.400082,5
57.19136,5
37.352901,5
42.984116,5
46.252998,5
18.50012,5
32.961399,5
55.56673,5
46.551102,5
43.038506,5
16.242338,5
40.127949,5
50.674156,5
36.437889,5
42.285248,5
18.466272,5
-0.22985,5
59.131199,5
43.23341,5
50.850407,5
40.380199,5
48.432976,5
35.539169,5
40.848183,5
30.450001,5
43.661961,5
30.391979,5
38.93428,5
21.48333,5
37.188343,5
39.751099,5
35.282784,5
31.215919,5
34.043461,5
39.487099,5
42.746922,5
42.331429,5
52.150768,5
19.288542,5
49.464451,5
51.553059,5
46.230919,5
53.792,5
51.294239,5
39.332027,5
38.846218,5
33.197624,5
30.16848,5
50.766781,5
33.953503,5
47.660332,5
52.67144,5
50.208611,5
33.78027,5
47.116714,5
42.341869,5
26.006742,5
25.439827,5
33.61681,5
40.9725,5
42.797737,5
43.791142,5
49.24028,5
-35.912498,5
53.341839,5
-4.054685,5
31.758694,5
28.810837,5
42.849915,5
35.702991,5
27.392323,5
40.695648,5
47.823212,5
38.266991,5
31.01667,5
26.24861,5
42.504822,5
-6.83778,5
29.983334,5
-14.6189,5
50.759113,5
37.515972,5
40.567539,5
37.502213,5
50.723808,5
40.705223,5
47.535599,5
52.18935,5
54.583328,5
40.686771,5
42.385426,5
28.766829,5
30.474131,5
24.799873,5
34.674976,5
20.856123,5
48.73333,5
51.083328,5
43.154781,5
35.080582,5
46.542397,5
40.91663,5
25.700001,5
43.21669,5
53.55024,5
51.319031,5
51.75222,5
9.05735,5
40.827217,5
44.08556,5
39.158073,5
45.182758,5
11.000563,5
45.599998,5
46.061848,5
41.692814,5
48.522652,5
41.767189,5
40.395634,5
49.097252,5
51.612701,5
37.323597,5
34.183327,5
43.597824,5
52.037922,5
55.466671,5
30.627972,5
40.76955,5
34.017601,5
52.006672,5
50.904869,5
41.088299,5
27.943518,5
-25.85891,5
48.051762,5
49.458511,5
50.209435,5
52.51667,5
48.702812,5
47.86837,5
40.45742,5
34.746479,5
51.18539,5
48.366669,5
44.647766,5
43.464699,5
43.153236,5
39.684921,5
8.99361,5
50.666668,5
40.301109,5
25.4,5
14.66731,5
57.152336,5
50.467167,5
43.416786,5
43.432861,5
37.04393,5
38.104092,5
50.833324,5
37.368832,5
15.29703,5
33.835403,5
31.32062,4
14.065074,4
20.51667,4
59.986691,4
40.535263,4
44.826778,4
-3.10194,4
35.512371,4
50.645069,4
-36.826916,4
38.183331,4
-33.89146,4
51.208961,4
55.333408,4
36.296974,4
-32.890831,4
48.948318,4
49.841675,4
52.083328,4
1.550255,4
49.899982,4
47.674122,4
51.79705,4
52.523232,4
51.505192,4
47.262661,4
32.795559,4
38.115795,4
41.662312,4
34.675468,4
49.933331,4
41.530048,4
40.903763,4
32.231312,4
52.283329,4
48.00193,4
51.27026,4
49.354301,4
50.865829,4
2.9225,4
41.580978,4
56.5,4
35.181381,4
33.854603,4
39.947819,4
28.122709,4
51.902241,4
40.797169,4
44.4491,4
39.486229,4
-37.816669,4
12.933006,4
40.479031,4
51.307758,4
43.680012,4
46.183342,4
47.882381,4
53.90646,4
45.258678,4
53.141178,4
49.245449,4
40.099491,4
38.080002,4
51.074261,4
54.279659,4
40.053299,4
48.13591,4
47.123692,4
32.940971,4
51.091236,4
-6.7063,4
51.338551,4
51.886673,4
39.798763,4
45.945004,4
51.546188,4
41.524277,4
30.36377,4
52.104008,4
48.312309,4
47.782059,4
50.596123,4
-30.033028,4
41.832874,4
27.89642,4
52.821899,4
35.701336,4
44.630665,4
51.095085,4
53.52837,4
25.784853,4
30.271158,4
38.401642,4
49.51083,4
48.211231,4
39.983372,4
29.76996,4
2.93527,4
59.351952,4
40.872089,4
34.147835,4
40.443233,4
-37.91671,4
50.90395,4
50.937248,4
43.648029,4
53.23531,4
42.460087,4
48.099941,4
42.001671,4
38.107456,4
42.945621,4
-26.919317,4
45.485954,4
-23.38833,4
45.510353,4
36.53347,4
36.764229,4
28.10004,4
-27.999889,4
36.966549,4
46.234352,4
59.30978,4
42.814316,4
26.562851,4
33.922234,4
-28.73226,4
42.232841,4
-21.066669,4
42.304432,4
42.519009,4
43.466587,4
44.944408,4
8.48333,4
8.13333,4
-31.859631,4
32.912693,4
46.489578,4
52.116791,4
32.917221,4
53.755711,4
34.788013,4
51.88921,4
55.725208,4
32.840691,4
33.952637,4
34.145893,4
41.983189,4
46.87719,4
32.43198,4
32.626389,4
31.033609,4
51.003559,4
52.300957,4
37.662544,4
41.680618,4
49.443001,4
53.467106,4
55.91531,4
23.73333,4
32.735615,4
40.722721,4
35.13726,4
58.146954,4
43.927929,4
39.025669,4
50.821419,4
43.169289,4
42.652649,4
54.204441,4
45.530128,4
42.361198,4
43.046101,4
41.233391,4
31.470234,4
21.355049,4
32.65218,4
7.46304,4
30.508329,4
29.36972,4
39.960705,4
49.284836,4
-16.44972,4
37.834438,4
37.970108,4
45.49818,4
56.661572,4
42.910576,4
43.668255,4
10.60932,4
32.813858,4
47.255219,4
38.997707,4
51.416672,4
38.927643,4
65.012329,4
-22.559366,4
30.34284,4
61.24992,4
44.840485,4
43.644897,4
49.670792,4
50.921745,4
49.44331,4
47.216671,4
30.201941,4
-41.286781,4
39.414131,4
50.866268,4
-26.824316,4
39.927601,4
52.414261,4
-22.73917,4
53.780022,4
46.510254,4
36.866669,4
42.900002,4
38.713451,4
30.425619,4
35.717026,4
60.392902,4
58.592709,4
51.377949,4
53.190498,4
47.347435,4
48.850021,4
29.066759,4
48.883411,4
55.363522,4
38.840279,4
41.655205,4
38.990669,4
43.645031,4
42.525192,4
42.960831,4
45.98333,4
43.937469,4
-19.98333,4
45.987358,4
48.774506,4
-26.177181,4
41.719601,4
45.536175,4
15.15553,4
-6.594559,4
6.47862,4
40.767002,4
45.033379,4
-33.316669,4
-27.503019,4
46.083225,4
55.911629,4
1.28967,4
-38.059139,4
50.880562,4
49.142319,3
32.733253,3
50.041321,3
61.40831,3
50.998211,3
42.672596,3
30.355396,3
41.444061,3
45.133331,3
45.443283,3
36.151794,3
43.2981,3
46.010082,3
62.241463,3
42.370129,3
52.167576,3
51.165607,3
53.133331,3
55.93338,3
60.069118,3
7.4863,3
39.776653,3
7.9518,3
46.802368,3
6.1,3
53.309326,3
50.411396,3
42.50779,3
57.151939,3
4.809498,3
55.816669,3
32.46402,3
45.842579,3
30.301081,3
30.786943,3
35.045292,3
37.279999,3
51.91917,3
13.658306,3
63.836666,3
40.781971,3
48.528961,3
52.258404,3
48.52166,3
20.41667,3
52.082439,3
48.893963,3
59.41378,3
38.713791,3
40.677971,3
34.769833,3
40.417061,3
13.86075,3
50.78215,3
-37.32206,3
35.827511,3
46.732391,3
47.130138,3
43.37035,3
53.566669,3
45.899902,3
25.411221,3
51.617592,3
64.004921,3
59.124706,3
51.807991,3
42.981602,3
41.7659,3
31.719999,3
26.277901,3
41.735889,3
45.959202,3
40.421181,3
30.664169,3
-8.83682,3
49.08297,3
51.2784,3
50.081631,3
50.807838,3
35.98119,3
40.68364,3
45.612518,3
46.461273,3
54.61842,3
0.27565,3
52.438339,3
52.922771,3
52.370918,3
40.377949,3
40.547119,3
42.006596,3
51.682499,3
53.133343,3
57.87096,3
25.754074,3
14.640319,3
34.985432,3
34.983002,3
57.143688,3
4.53389,3
35.657108,3
55.40276,3
26.185856,3
19.083307,3
26.85,3
11.75,3
22.569624,3
46.458199,3
43.848629,3
51.096439,3
37.280945,3
48.513199,3
-37.76667,3
49.15411,3
51.413631,3
50.561008,3
44.957253,3
44.459171,3
45.638634,3
16.433331,3
9.979917,3
20.23333,3
22.466669,3
21.23333,3
42.229172,3
28.80055,3
40.885979,3
46.540005,3
70.982094,3
-38.866669,3
45.213516,3
33.424282,3
35.89917,3
41.116669,3
43.34333,3
34.385868,3
48.20232,3
47.0,3
52.223091,3
43.505604,3
53.260231,3
47.340771,3
42.463718,3
46.02021,3
50.130589,3
40.471962,3
50.827946,3
29.425426,3
37.748089,3
36.802769,3
34.391659,3
11.94646,3
43.119785,3
36.684399,3
41.345703,3
33.246803,3
31.73333,3
6.452972,3
50.682858,3
55.676914,3
50.752529,3
53.484619,3
55.90778,3
51.26667,3
20.666927,3
34.579464,3
34.260944,3
49.75182,3
27.186495,3
50.04829,3
50.870613,3
12.86667,3
52.546646,3
46.527199,3
49.272507,3
52.406559,3
51.872501,3
51.828899,3
14.583138,3
38.099998,3
36.144741,3
42.5583,3
19.066669,3
47.403938,3
38.978554,3
51.896358,3
23.889999,3
43.373386,3
56.04673,3
29.295074,3
49.975239,3
25.93549,3
13.73147,3
52.210579,3
47.614571,3
44.81694,3
-6.32639,3
58.637589,3
38.547131,3
43.273888,3
69.968872,3
41.372219,3
48.33382,3
38.833916,3
31.898123,3
54.066669,3
55.86861,3
-8.58333,3
56.566669,3
48.799999,3
52.585468,3
28.244184,3
35.222,3
53.599861,3
30.311886,3
41.549953,3
36.202576,3
54.90926,3
46.21125,3
40.742695,3
50.083328,3
49.1675,3
43.039299,3
34.426392,3
37.436935,3
37.999523,3
41.63607,3
42.391968,3
40.739441,3
45.56995,3
42.987453,3
29.503536,3
24.533333,3
43.16333,3
35.208889,3
43.416672,3
59.218418,3
53.051205,3
48.840885,3
51.757694,3
44.850273,3
40.405281,3
45.450001,3
25.799999,3
39.71368,3
44.564571,3
36.509998,3
42.907501,3
41.1078,3
29.129457,3
46.752781,3
-33.039379,3
45.673679,3
44.171108,3
31.631477,3
34.866669,3
44.583836,3
40.053238,3
42.480591,3
47.568481,3
38.992081,3
25.281914,3
33.87722,3
43.081619,3
41.288609,3
41.733334,3
22.366667,3
43.403858,3
49.802776,3
45.36861,3
34.007229,3
47.237698,3
44.519272,3
37.084232,3
39.538601,3
32.79126,3
36.511253,3
40.603802,3
47.318138,3
34.225723,3
49.049057,3
38.084831,3
-19.920706,3
50.46048,3
42.260742,3
37.679501,3
24.416241,3
45.531212,3
29.65,3
35.96064,3
41.147068,3
47.82093,3
38.762791,3
30.145679,3
33.722027,3
50.583328,3
43.719452,3
47.03788,3
46.350182,3
41.081394,3
37.413673,3
45.03619,3
53.435722,3
47.816845,3
35.780628,3
43.96682,3
45.269718,3
-29.68417,3
45.365162,3
40.512997,3
39.729496,3
-23.960861,3
-21.305038,3
-15.59611,3
48.714294,3
47.554371,3
48.25,3
32.333603,3
34.350044,3
45.592781,3
30.364016,3
35.506721,3
26.621704,3
33.883991,3
34.852741,3
36.062603,3
40.654678,3
33.960949,3
37.271534,3
40.508762,3
47.65966,3
40.334679,3
48.75,3
53.075161,3
45.300171,3
44.164463,3
42.380951,3
37.005779,3
29.187166,3
33.660381,3
50.610691,3
26.661518,3
40.289043,3
49.133324,3
49.226372,3
34.108696,3
39.949184,3
35.823521,3
49.316463,3
35.572998,3
45.488609,3
50.88308,3
34.46109,3
45.44207,3
45.161869,3
49.219536,3
42.300289,3
-29.16785,3
-1.455842,3
39.779423,3
-34.083332,3
45.82893,3
49.23848,3
51.198071,3
38.965889,3
39.888531,3
-22.017473,3
51.316879,3
63.82843,3
-20.138819,3
38.800331,3
44.05817,3
43.871109,3
17.966799,3
28.61821,3
13.75,3
52.481731,3
34.640244,3
42.515911,3
59.361233,3
43.598499,3
47.8601,3
52.227901,3
32.298759,3
35.953999,3
53.200623,3
59.783878,3
42.816776,3
44.797268,3
-26.05447,3
-37.783329,3
40.820751,3
26.237883,3
47.175362,3
37.883331,3
44.855721,3
45.666672,3
46.849861,3
49.424438,3
54.784344,3
49.887642,3
38.690102,3
45.698891,3
43.422779,3
69.145271,3
-34.423973,3
39.083672,3
32.428879,3
-36.69595,3
31.89127,3
42.466686,3
40.460941,3
44.805092,3
52.077499,3
33.706589,3
56.625069,3
43.262886,3
40.966671,3
30.65778,3
50.727322,3
44.233967,3
40.111023,3
44.261875,3
52.477741,3
48.47089,3
24.073435,3
60.597698,3
42.960281,3
47.259731,3
47.874741,3
35.33868,3
45.166763,3
47.82682,3
47.185677,3
14.586731,3
40.433571,3
28.39076,3
32.881081,3
57.492592,3
55.619701,3
40.76413,3
40.800381,3
53.400002,3
15.56667,3
-37.91806,3
-22.18556,3
26.67153,3
28.060459,3
50.01667,3
50.206791,3
51.906288,3
51.99482,3
46.56255,3
36.816666,3
48.651279,3
33.57164,3
48.01667,3
47.050503,3
51.870785,3
49.262711,3
50.735668,3
49.699993,3
38.665424,3
40.887573,3
34.062511,3
51.350201,3
55.716671,3
46.774132,3
42.940884,3
38.933239,3
55.75222,3
32.786339,3
51.010578,3
51.97995,3
50.226608,3
14.88181,3
42.600235,3
43.57877,3
42.717953,3
-42.881641,3
36.543758,3
42.97327,3
42.728481,3
42.874229,3
37.779816,3
51.204868,3
43.233231,3
55.700359,3
50.349998,3
47.51799,3
43.757881,3
34.209999,3
30.00819,3
44.026669,3
51.878189,3
52.138329,3
62.472252,3
16.758471,3
31.955219,3
14.087785,3
51.067131,3
31.416058,3
50.028141,3
47.790501,3
49.670509,2
51.716667,2
34.05286,2
10.45,2
32.666672,2
28.8438,2
53.054195,2
50.041264,2
46.655811,2
46.991791,2
55.096809,2
2.442676,2
33.893543,2
40.872501,2
53.710281,2
36.032391,2
49.951408,2
43.011604,2
58.594208,2
45.800297,2
63.76532,2
51.1689,2
52.504997,2
56.11095,2
45.326317,2
47.166672,2
43.694691,2
44.801182,2
45.807968,2
37.352818,2
48.950169,2
54.808781,2
50.660675,2
47.125481,2
52.10751,2
51.500938,2
35.9132,2
41.593369,2
54.533329,2
41.928104,2
35.927612,2
52.611309,2
50.821899,2
43.441269,2
-33.774181,2
63.102989,2
24.79944,2
-9.665864,2
39.962124,2
49.608028,2
23.058929,2
34.499237,2
43.03867,2
55.318722,2
44.815979,2
35.028324,2
49.979969,2
47.302502,2
34.091103,2
61.049999,2
43.670971,2
46.164349,2
42.5546,2
49.883759,2
43.312832,2
18.58333,2
48.814709,2
34.197674,2
47.626209,2
27.818754,2
38.662491,2
39.756119,2
50.73333,2
51.309212,2
49.866421,2
45.079224,2
42.189785,2
34.161583,2
42.527771,2
54.521431,2
48.216671,2
51.735439,2
53.550453,2
50.201641,2
48.107719,2
35.9557,2
44.795151,2
-34.894444,2
45.669292,2
40.157848,2
37.508888,2
25.600037,2
51.038589,2
51.250488,2
44.633389,2
39.337318,2
50.3592,2
54.25,2
47.949009,2
43.662117,2
47.854118,2
49.05801,2
43.014252,2
39.218391,2
17.420704,2
60.6987,2
47.386002,2
45.117764,2
38.603519,2
38.491669,2
39.355499,2
51.05719,2
48.084339,2
51.758072,2
42.794521,2
18.377729,2
47.364929,2
17.51667,2
51.897945,2
49.185848,2
46.04179,2
23.961912,2
51.519081,2
-19.860279,2
43.183331,2
35.87603,2
27.466089,2
10.51667,2
-27.069349,2
5.87133,2
-34.7719,2
19.71278,2
45.1506,2
54.309109,2
40.618858,2
48.28038,2
51.49622,2
49.15538,2
48.080063,2
49.755749,2
53.361477,2
50.739079,2
56.136703,2
48.933331,2
52.989151,2
39.11422,2
48.94688,2
-1.31667,2
33.005634,2
49.718441,2
51.282589,2
37.086895,2
40.425861,2
34.2551,2
42.507397,2
44.183029,2
-2.8833,2
47.816669,2
38.683159,2
41.139744,2
41.063198,2
2.205733,2
42.299999,2
49.418034,2
52.285091,2
51.719055,2
47.737881,2
48.063789,2
52.079296,2
49.80077,2
52.048321,2
43.100739,2
32.277878,2
21.066669,2
45.648609,2
42.56604,2
50.997688,2
23.977709,2
42.333328,2
30.415199,2
-38.216671,2
51.862961,2
52.680016,2
51.548889,2
55.705902,2
60.485802,2
38.193272,2
58.416588,2
-33.916416,2
39.107849,2
29.48801,2
41.807205,2
42.466648,2
45.336361,2
16.805397,2
37.605122,2
47.521702,2
23.479225,2
23.30694,2
35.733383,2
39.730984,2
19.700682,2
50.322769,2
8.483659,2
28.233334,2
49.398411,2
50.259258,2
42.825142,2
41.758438,2
43.11211,2
60.399719,2
40.633381,2
-25.49489,2
28.433332,2
10.383636,2
-38.066669,2
53.23333,2
57.785961,2
47.20842,2
51.654678,2
48.631432,2
45.650002,2
34.493889,2
52.179417,2
5.5577,2
28.593399,2
38.966736,2
50.775478,2
49.981979,2
53.809078,2
50.366669,2
45.07246,2
36.766998,2
-7.88806,2
-28.466669,2
-24.955429,2
-11.13556,2
40.728237,2
38.877892,2
39.569481,2
32.9496,2
38.79995,2
47.955448,2
43.333328,2
-33.916672,2
21.150038,2
-33.757599,2
45.31678,2
-38.147141,2
34.021164,2
38.720951,2
37.350212,2
13.58333,2
55.669121,2
51.279041,2
48.178261,2
5.8402,2
10.25,2
43.568668,2
48.137119,2
53.08157,2
51.505829,2
55.894699,2
58.699791,2
39.963482,2
45.00679,2
51.735748,2
55.76667,2
52.299999,2
36.44083,2
50.103699,2
54.657452,2
51.162998,2
45.74752,2
50.233002,2
63.095882,2
41.466106,2
38.980679,2
-28.48333,2
48.109489,2
47.69355,2
43.785412,2
43.645664,2
-17.58333,2
-19.468153,2
39.628391,2
27.876551,2
41.060219,2
34.15554,2
40.139561,2
36.343021,2
-20.329708,2
46.350323,2
45.557156,2
-35.01667,2
37.326839,2
38.207432,2
31.12406,2
61.190395,2
44.599998,2
-32.92701,2
51.557755,2
52.610989,2
60.400002,2
45.80323,2
68.354393,2
59.434029,2
45.098061,2
-6.9713,2
22.890846,2
53.871761,2
40.116306,2
37.77993,2
38.73465,2
42.033447,2
45.5229,2
35.755116,2
40.663937,2
31.549431,2
35.410805,2
41.180943,2
53.49691,2
47.564941,2
48.966709,2
-23.663918,2
-10.212802,2
39.755539,2
-17.218611,2
47.444572,2
52.266827,2
49.266335,2
36.114979,2
49.60854,2
49.615589,2
46.66827,2
49.428539,2
48.76667,2
3.013086,2
59.746311,2
44.611469,2
32.657219,2
49.597012,2
39.006275,2
41.845589,2
43.884411,2
30.799959,2
34.18536,2
29.99835,2
35.651272,2
30.85824,2
43.661469,2
42.433632,2
38.73283,2
-7.47889,2
43.970474,2
45.471119,2
-6.31056,2
43.331169,2
49.166332,2
28.083649,2
27.970831,2
47.520718,2
-32.393871,2
51.049526,2
50.853859,2
-37.566212,2
37.871349,2
34.882999,2
38.54493,2
47.792801,2
36.010361,2
41.878201,2
38.64119,2
42.075611,2
49.049671,2
36.532887,2
41.661129,2
46.833328,2
33.996487,2
43.704552,2
-8.00889,2
42.027519,2
39.644001,2
40.980499,2
40.708134,2
34.683868,2
33.405373,2
43.826435,2
-22.527088,2
33.916702,2
33.937267,2
49.31366,2
55.441299,2
47.59211,2
35.732632,2
21.447618,2
63.566994,2
48.819874,2
42.964001,2
40.22052,2
35.851257,2
46.666672,2
53.715755,2
39.063869,2
32.92651,2
39.884232,2
37.416859,2
37.3699,2
35.771969,2
37.710678,2
40.661598,2
46.4953,2
43.111942,2
54.692181,2
47.35635,2
-43.583328,2
-20.39484,2
38.674278,2
50.389214,2
39.704441,2
60.716671,2
51.683331,2
50.369061,2
50.239655,2
61.388889,2
41.681915,2
28.03446,2
42.8675,2
47.207912,2
35.14006,2
30.047554,2
53.399719,2
53.910702,2
39.599998,2
33.138451,2
42.979584,2
33.006618,2
31.116995,2
48.763359,2
35.971519,2
47.416939,2
50.916672,2
29.31506,2
33.888939,2
1.213564,2
56.132221,2
47.505611,2
41.0,2
-9.752627,2
-1.45071,2
-25.516567,2
56.177589,2
37.764439,2
-2.16627,2
55.533329,2
32.776485,2
45.679653,2
56.861286,2
64.5401,2
46.907417,2
49.466702,2
50.534206,2
50.330341,2
34.449848,2
39.23333,2
24.354839,2
40.296883,2
30.592588,2
21.397221,2
43.612827,2
39.574871,2
42.015911,2
29.71139,2
33.939941,2
32.928539,2
40.685989,2
49.174438,2
35.333328,2
-30.74485,2
35.364719,2
43.76083,2
44.994671,2
54.48333,2
49.597805,2
56.11586,2
55.982265,2
38.249916,2
26.594444,2
39.24173,2
33.580215,2
44.021629,2
50.116291,2
51.81382,2
-30.598379,2
-22.42556,2
43.653549,2
49.281139,2
19.016497,2
55.079391,2
33.890701,2
-37.349998,2
37.77821,2
22.633204,2
41.88026,2
51.665081,2
53.07296,2
53.865479,2
53.366669,2
47.840851,2
40.03788,2
37.428299,2
21.314171,2
46.783669,2
41.40913,2
34.015831,2
42.129219,2
35.721325,2
58.81472,2
33.577812,2
43.899754,2
35.816666,2
51.235359,2
43.360291,2
47.470379,2
51.943489,2
51.47221,2
50.849861,2
51.788509,2
50.179871,2
50.974449,2
37.494877,2
40.388786,2
43.445541,2
51.155182,2
37.302147,2
39.994511,2
38.277348,2
42.08358,2
40.585266,2
41.524975,2
59.360306,2
66.077133,2
60.795757,2
27.5,2
38.065559,2
-45.86673,2
55.897041,2
53.683331,2
52.136669,2
52.415482,2
52.272903,2
40.745258,2
39.987232,2
44.9809,2
38.440346,2
28.039665,2
56.877625,2
42.439014,2
51.566708,2
31.25181,2
29.565229,2
43.060883,2
36.011501,2
35.373291,2
38.996113,2
38.811497,2
50.100681,2
49.518608,2
47.533329,2
39.5891,2
-8.649893,2
45.959999,2
-33.07988,2
4.142,2
44.316811,2
57.383331,2
42.976658,2
56.457321,2
57.50584,2
50.375881,2
28.67,2
57.433578,2
-23.17944,2
43.991959,2
37.977982,2
38.000072,2
28.549574,2
23.92083,2
58.436298,2
-22.725281,2
40.112537,2
50.083092,2
34.694092,2
38.82,2
57.766472,2
62.89278,2
44.816669,2
-5.139977,2
12.97122,2
42.732941,2
32.72541,2
58.3405,2
43.190895,2
43.177528,2
36.132866,2
51.37027,2
14.02114,2
23.299999,2
52.01667,2
50.279671,2
36.567066,2
51.29678,2
42.293739,2
53.360561,2
41.954189,2
48.35199,2
40.858536,2
5.30934,2
20.383503,2
40.058247,2
56.338711,2
-33.953602,2
50.863991,2
14.97066,2
56.333508,2
47.182129,2
37.85907,2
34.69014,2
42.097,2
29.613291,2
34.786549,2
25.79652,2
44.817623,2
51.710381,2
68.936287,2
43.48333,2
49.809963,2
3.16667,2
46.903469,2
55.59911,2
37.410084,2
47.397182,2
38.096062,2
35.149693,2
33.831577,2
38.410679,2
45.274891,2
37.231182,2
-33.636379,2
43.718231,2
17.983721,2
53.709438,2
35.134983,2
33.507408,2
42.55962,2
41.03339,2
37.974854,2
41.575871,2
39.077377,2
37.973717,2
33.103088,2
29.507397,2
32.011391,2
41.222797,2
39.333118,2
48.575279,2
37.12994,2
45.042801,2
50.41317,2
52.084999,2
39.820301,2
49.953201,2
-27.51228,2
49.297852,2
34.981972,2
-27.58947,2
-16.326622,2
52.273167,2
52.10461,2
43.543156,2
34.816425,2
-19.985559,2
47.596569,2
38.56868,2
52.00993,2
29.58354,2
34.543892,2
30.05127,2
60.219501,2
59.553539,2
34.710796,2
33.266998,2
26.212088,2
26.39904,2
8.16667,2
41.931591,2
52.638599,2
59.34,2
54.715801,2
51.384941,2
61.688568,2
57.813644,2
52.98333,2
46.1651,2
47.171761,2
42.296646,2
-21.283091,2
38.300331,2
41.607601,2
47.50024,2
45.353828,2
39.103828,2
46.958118,2
39.800671,2
44.25528,2
38.78352,2
22.3384,2
16.466669,2
19.200001,2
27.183115,2
54.529301,2
9.97985,2
34.083237,2
37.957645,2
37.05986,2
47.172523,2
53.41861,2
4.584103,2
37.97094,2
-7.2459,2
47.665459,2
35.788723,2
50.883884,2
-33.833328,2
52.1325,2
51.509491,2
61.30373,2
41.788399,2
42.042778,2
40.819141,2
44.773289,2
28.06953,2
51.761089,2
55.011002,2
53.900055,2
47.950001,2
59.650002,2
51.46431,2
51.294998,2
51.43158,2
53.430119,2
39.406189,2
-3.3,2
44.50013,2
49.048939,2
10.964073,2
51.763378,2
51.772705,2
50.371529,2
46.521389,2
10.033399,2
30.377565,2
40.693733,2
-41.438385,2
54.779209,2
49.141869,2
56.883331,2
5.76667,2
41.6684,2
46.11594,2
50.879829,2
35.711262,2
33.641102,2
32.759377,2
51.41259,2
49.495831,2
61.254391,2
46.384441,2
9.02497,2
45.746181,2
49.700001,2
47.268936,2
42.290588,2
30.517477,2
55.299999,2
64.22728,2
49.266563,2
50.484371,2
43.737499,2
54.073689,2
51.454861,2
47.73333,2
46.610558,2
32.526539,2
30.265301,2
41.111774,2
32.960003,2
39.75618,2
37.79203,2
51.051319,2
34.020519,2
39.758945,2
38.571651,2
43.47123,2
44.835339,2
40.748161,2
26.301764,2
3.146854,2
11.0167,2
52.592781,2
49.049908,2
47.810841,2
45.25,2
41.602348,2
30.832632,2
45.452179,2
34.108341,2
40.712791,2
51.888329,2
33.581959,2
42.485329,2
48.450039,2
42.432781,2
49.646568,2
47.98933,2
42.697681,2
44.151669,2
48.04274,2
42.85146,2
44.9949,2
59.743961,2
49.563641,2
51.923328,2
25.750126,2
44.780029,2
48.755821,2
48.47942,2
48.902016,2
0.5071,2
42.350552,2
62.824959,2
61.36293,2
49.666752,2
41.253571,2
49.94981,2
46.754509,2
38.644699,2
50.91077,2
34.023159,2
35.088802,2
45.288609,2
52.731689,2
24.033705,2
18.816664,2
36.702358,2
41.882778,2
33.515339,2
43.733398,2
57.043598,2
-24.654573,2
49.784981,2
47.558029,2
41.020828,2
-12.79292,2
50.919159,2
44.0,2
45.010521,2
53.25209,2
41.572323,2
39.978458,2
39.111198,2
56.34,2
37.028599,2
48.450699,2
51.664459,2
48.616669,2
51.84034,2
25.416819,2
1.533218,2
40.065632,2
35.401443,2
37.376099,2
51.713329,2
30.21035,2
59.316669,2
37.515442,2
34.090012,2
48.32692,2
50.5,2
59.60437,2
40.620152,2
50.793671,2
43.660877,2
41.141392,2
51.603329,2
47.392891,2
-0.10468,2
59.931026,2
47.565861,2
42.870132,2
50.181999,2
51.949291,2
47.857979,2
41.625938,1
-39.6381,1
46.849152,1
55.770397,1
60.160469,1
46.811279,1
41.008739,1
-27.467649,1
35.694389,1
35.251408,1
37.001904,1
46.127602,1
26.173565,1
43.76667,1
44.662781,1
46.522156,1
49.98473,1
43.061668,1
32.3475,1
45.780308,1
46.4991,1
33.511391,1
41.523537,1
49.350311,1
28.74243,1
33.875359,1
30.41667,1
39.403259,1
49.421612,1
49.45985,1
33.616009,1
55.595417,1
13.75822,1
25.291901,1
62.583328,1
52.900829,1
18.333445,1
47.761669,1
44.40694,1
-27.366734,1
0.9,1
15.70472,1
13.46804,1
53.33672,1
52.964935,1
15.4,1
53.947868,1
20.951017,1
7.13639,1
15.354732,1
33.255791,1
64.072144,1
44.314171,1
49.806499,1
31.46586,1
20.75,1
28.96887,1
23.133104,1
42.4631,1
-29.411053,1
4.414574,1
-7.49944,1
6.17471,1
23.01861,1
7.19882,1
14.58617,1
44.977219,1
64.099998,1
46.307781,1
-1.05,1
18.58182,1
31.200001,1
13.97738,1
43.081242,1
55.4426,1
61.127041,1
-17.799812,1
54.837341,1
38.583328,1
33.600826,1
38.244366,1
39.619999,1
57.981598,1
18.18084,1
-20.264544,1
48.211811,1
11.6508,1
50.67778,1
20.799999,1
27.20245,1
49.654079,1
-8.356,1
40.15876,1
46.375919,1
47.48333,1
60.73806,1
39.355801,1
14.81667,1
48.133331,1
-38.733311,1
40.630001,1
40.500278,1
48.723049,1
35.013611,1
40.80283,1
54.194382,1
52.08831,1
44.033329,1
40.933331,1
18.762779,1
39.875961,1
40.873329,1
38.39056,1
36.945358,1
55.499722,1
25.466669,1
18.48138,1
54.86639,1
54.441799,1
50.264755,1
38.569038,1
52.002499,1
48.633354,1
45.833328,1
47.8097,1
50.125,1
43.310829,1
44.832481,1
48.105042,1
45.734821,1
48.533871,1
47.831242,1
55.65691,1
59.975719,1
-27.460791,1
46.80711,1
10.9267,1
35.189899,1
50.293011,1
43.198391,1
29.874187,1
15.54994,1
33.510487,1
-15.406477,1
56.183331,1
44.071388,1
-38.008221,1
46.866669,1
-6.2074,1
40.653332,1
43.51667,1
53.2859,1
45.893768,1
43.473228,1
54.799999,1
9.31778,1
50.0271,1
-46.400002,1
12.7004,1
50.47411,1
60.020432,1
9.176858,1
10.5,1
10.4667,1
21.316669,1
21.04434,1
44.63002,1
43.632919,1
44.114311,1
48.939999,1
45.864262,1
48.866669,1
49.28669,1
47.592499,1
49.573212,1
48.932869,1
47.216011,1
52.79306,1
1.083333,1
38.566669,1
44.78867,1
13.98333,1
59.218773,1
52.329411,1
17.700001,1
44.0835,1
40.435829,1
51.946671,1
49.20726,1
47.75,1
61.029598,1
62.14056,1
36.541779,1
48.713978,1
49.560799,1
44.780998,1
47.099682,1
53.384998,1
45.433331,1
43.25338,1
43.708099,1
44.78075,1
40.26741,1
27.70516,1
51.298302,1
-34.777309,1
36.193024,1
52.302601,1
19.98333,1
53.540508,1
51.95314,1
55.934639,1
51.229221,1
50.73592,1
50.67831,1
45.733421,1
51.049999,1
49.621681,1
25.392487,1
38.65078,1
58.200001,1
5.86638,1
53.811111,1
26.0625,1
55.56694,1
-20.51667,1
33.773109,1
54.8951,1
51.559952,1
51.684349,1
50.966671,1
51.248268,1
52.573639,1
18.201071,1
56.23333,1
56.26725,1
49.247082,1
56.849998,1
53.216671,1
50.701462,1
52.646919,1
55.116669,1
52.359661,1
50.190571,1
53.822048,1
50.326,1
53.852509,1
50.683521,1
50.4258,1
37.128071,1
46.966129,1
-26.85,1
30.8946,1
34.686642,1
8.73333,1
33.587391,1
19.26667,1
16.51667,1
17.76667,1
26.22361,1
15.16667,1
11.650016,1
12.93333,1
42.017071,1
47.513611,1
50.09713,1
35.283001,1
23.83333,1
25.01384,1
9.93988,1
25.33333,1
19.683331,1
12.71667,1
25.25,1
19.47002,1
15.86667,1
27.183331,1
15.5,1
20.01667,1
10.49598,1
40.83889,1
-26.98333,1
37.184471,1
48.628609,1
23.133329,1
59.92746,1
36.918758,1
14.70802,1
13.76667,1
-25.300659,1
30.91028,1
22.633329,1
48.942879,1
34.816593,1
33.921669,1
35.983002,1
36.117001,1
39.38586,1
-16.499929,1
-38.719765,1
39.07029,1
62.73333,1
55.08392,1
53.230419,1
40.93972,1
37.774261,1
28.633329,1
48.291363,1
56.650002,1
36.838779,1
41.331772,1
36.783642,1
37.741486,1
35.537197,1
59.140541,1
43.498058,1
20.077972,1
50.05146,1
31.036488,1
4.940302,1
41.916828,1
42.165581,1
26.309593,1
42.172287,1
39.575268,1
54.966671,1
25.650003,1
23.85,1
12.82736,1
16.967051,1
62.708359,1
36.267445,1
47.381691,1
54.122299,1
15.37927,1
35.262161,1
40.588669,1
26.557907,1
49.4212,1
18.66667,1
53.031509,1
54.063869,1
52.005306,1
51.80917,1
13.45,1
36.638882,1
16.256111,1
13.84341,1
24.450001,1
-42.40749,1
2.3,1
45.54694,1
-43.633331,1
44.89127,1
59.935501,1
16.716669,1
8.949167,1
40.723209,1
41.394951,1
34.133621,1
37.710247,1
50.37112,1
6.42639,1
-31.38731,1
5.8231,1
-7.36,1
51.86628,1
48.782318,1
43.198261,1
45.021442,1
33.089008,1
40.04282,1
26.017126,1
20.541208,1
-17.82935,1
34.740383,1
44.166672,1
47.450001,1
53.331718,1
51.916916,1
53.28236,1
50.93441,1
50.75185,1
54.36964,1
50.10186,1
52.413792,1
50.301819,1
33.581955,1
32.890411,1
25.85677,1
41.374905,1
45.669495,1
25.901686,1
40.685341,1
51.180492,1
53.296558,1
53.469288,1
49.20512,1
23.883333,1
34.790909,1
23.366667,1
36.065994,1
42.253117,1
34.269669,1
53.900002,1
52.16151,1
48.756065,1
51.88612,1
48.275249,1
47.951969,1
46.853458,1
41.369038,1
30.328445,1
38.881413,1
40.864902,1
32.852528,1
45.35651,1
43.048,1
42.331184,1
40.84169,1
42.32785,1
44.694279,1
39.30611,1
52.551281,1
49.82896,1
52.114716,1
43.047569,1
35.108356,1
28.120001,1
29.341665,1
43.612499,1
22.383329,1
21.686701,1
35.083332,1
26.26667,1
45.799999,1
33.399769,1
27.71722,1
37.928055,1
41.114498,1
35.580715,1
36.79871,1
35.290482,1
41.355652,1
42.799999,1
23.09639,1
45.616669,1
35.580624,1
26.25,1
18.773001,1
29.533331,1
30.20417,1
35.686878,1
30.694326,1
43.090069,1
34.061401,1
41.643661,1
40.726154,1
42.003922,1
39.664719,1
39.31583,1
42.29306,1
31.563999,1
38.409168,1
19.1,1
23.709463,1
41.413971,1
42.218273,1
30.111216,1
29.138321,1
27.49914,1
42.422241,1
40.391617,1
32.48418,1
23.5711,1
29.26778,1
19.5,1
39.816669,1
31.6,1
34.985561,1
36.52977,1
33.018681,1
45.431229,1
48.195824,1
32.856037,1
27.995289,1
46.41655,1
42.905849,1
21.418095,1
26.183096,1
34.236832,1
33.85849,1
40.586121,1
41.607044,1
42.363628,1
32.523197,1
34.063339,1
25.850002,1
42.202682,1
35.39933,1
39.389839,1
37.266666,1
31.16667,1
42.903641,1
35.900558,1
31.865,1
34.106323,1
-9.47833,1
-20.28389,1
49.28297,1
-30.039169,1
45.424438,1
-22.281981,1
-20.62639,1
49.161945,1
-12.971035,1
49.268147,1
52.26989,1
-19.274441,1
39.483231,1
40.798946,1
35.174084,1
-20.442696,1
-22.02944,1
53.529972,1
-24.281389,1
45.500862,1
-7.03306,1
42.297539,1
42.891769,1
32.828968,1
40.558804,1
39.594719,1
41.921211,1
33.961788,1
38.027805,1
31.802649,1
44.154499,1
38.811951,1
45.598549,1
55.336369,1
2.5,1
-15.754444,1
49.281788,1
-8.09056,1
-22.660561,1
45.396278,1
35.488708,1
47.438519,1
32.991562,1
39.838665,1
41.241192,1
46.226189,1
-26.30444,1
40.518681,1
35.6483,1
39.1217,1
39.966419,1
39.484718,1
42.902851,1
31.578419,1
40.654831,1
43.471088,1
46.62162,1
34.155132,1
40.347828,1
37.584099,1
39.471874,1
41.148182,1
35.260571,1
48.425812,1
-11.848056,1
44.900108,1
-9.398532,1
43.729446,1
-29.335279,1
42.926262,1
43.011658,1
48.783409,1
45.510689,1
43.508331,1
-3.110904,1
40.848839,1
33.779999,1
41.435833,1
46.013008,1
33.95496,1
26.708525,1
43.098671,1
39.962589,1
41.8834,1
38.576763,1
40.611061,1
39.183609,1
39.68372,1
37.951485,1
36.134579,1
35.32375,1
-19.582647,1
-22.89389,1
-22.219999,1
-23.620365,1
39.398159,1
38.764801,1
45.557735,1
46.027229,1
-28.66016,1
-21.01111,1
-22.979012,1
-13.255,1
45.285366,1
-4.099935,1
48.683399,1
46.347118,1
37.401245,1
40.75016,1
45.160801,1
39.018929,1
45.250092,1
-19.264999,1
-10.28988,1
45.1334,1
-20.819635,1
53.983471,1
-18.85111,1
-14.10306,1
44.656353,1
41.950001,1
40.495632,1
35.942039,1
37.781734,1
38.805241,1
39.399567,1
41.20821,1
56.753216,1
43.683819,1
43.988098,1
-22.923635,1
28.468155,1
59.379204,1
37.96257,1
41.882999,1
44.16338,1
39.772499,1
42.367962,1
44.466991,1
38.536854,1
25.933254,1
46.489502,1
43.141685,1
50.116402,1
-22.412781,1
44.637348,1
49.31633,1
49.244232,1
-28.778971,1
59.366592,1
44.309189,1
41.74472,1
-25.65506,1
42.546776,1
45.698078,1
40.357029,1
39.84182,1
48.083191,1
46.815235,1
42.271065,1
-26.684429,1
-37.819904,1
-33.848778,1
-38.26667,1
-33.416649,1
40.973209,1
45.630867,1
42.295712,1
-25.87133,1
46.1241,1
38.908695,1
42.093102,1
41.616482,1
38.983253,1
40.921371,1
19.12178,1
40.816509,1
45.701958,1
44.23835,1
44.062939,1
-31.898529,1
-33.37817,1
46.492519,1
46.06472,1
42.57634,1
28.294001,1
40.47031,1
41.858688,1
41.581902,1
40.562088,1
31.505177,1
-7.81667,1
43.783508,1
-7.2467,1
46.051411,1
52.602669,1
-6.8694,1
48.785831,1
59.446621,1
41.49226,1
42.83176,1
45.292591,1
56.199711,1
-26.05139,1
44.27317,1
38.895,1
51.700001,1
48.060471,1
48.022114,1
-7.91306,1
-26.202271,1
45.134239,1
53.119881,1
-23.116781,1
-20.916941,1
38.221203,1
38.047958,1
37.120838,1
42.890591,1
59.514042,1
42.771271,1
41.463409,1
45.778061,1
48.684502,1
58.077389,1
43.777584,1
-7.55611,1
53.0452,1
49.633331,1
35.583332,1
31.866667,1
22.299999,1
24.433701,1
27.3125,1
-29.01329,1
46.610119,1
38.26667,1
41.725231,1
43.695061,1
37.870541,1
-8.2258,1
43.65345,1
43.772167,1
56.349998,1
16.82481,1
-36.916672,1
51.687649,1
53.0602,1
49.976986,1
51.43787,1
49.317219,1
49.704521,1
48.06226,1
49.898651,1
-1.6,1
49.123852,1
-30.94404,1
55.901371,1
37.349998,1
16.951969,1
35.02306,1
48.454639,1
53.593369,1
52.213871,1
48.745342,1
49.98333,1
48.404572,1
51.554932,1
53.130322,1
53.559959,1
48.241596,1
53.574348,1
53.735722,1
53.03627,1
50.871971,1
48.052502,1
49.13644,1
51.128208,1
54.074772,1
50.145672,1
47.60088,1
49.880741,1
48.399799,1
49.151279,1
47.713085,1
50.868259,1
48.637508,1
52.458099,1
56.084999,1
41.23402,1
40.464188,1
58.85973,1
32.83707,1
48.156471,1
48.572971,1
53.9095,1
47.518211,1
48.05196,1
50.721359,1
52.726326,1
54.306629,1
47.796452,1
49.84288,1
13.69276,1
33.870361,1
52.272572,1
48.695992,1
45.923752,1
53.256821,1
51.119629,1
52.86525,1
49.458035,1
53.666672,1
49.324902,1
49.80341,1
48.694439,1
49.655281,1
50.89753,1
52.98753,1
49.257549,1
48.883621,1
48.876751,1
53.04023,1
48.192532,1
53.530014,1
52.900017,1
51.504028,1
52.201969,1
48.57774,1
50.630341,1
52.234791,1
54.88026,1
49.797199,1
53.861858,1
17.32444,1
49.4925,1
48.843891,1
51.054668,1
51.46043,1
49.18663,1
52.849998,1
52.186039,1
48.571159,1
54.112148,1
51.616669,1
50.134232,1
52.968102,1
52.27914,1
50.59304,1
52.35482,1
49.378571,1
48.171349,1
52.978519,1
43.405556,1
52.877811,1
41.035221,1
45.885239,1
50.44767,1
47.225571,1
49.857731,1
49.916672,1
51.722889,1
49.78466,1
48.629581,1
48.306019,1
50.904831,1
51.752571,1
52.533329,1
53.066669,1
44.670868,1
32.794319,1
28.539169,1
47.916672,1
47.583321,1
50.533329,1
51.387959,1
51.35516,1
50.74818,1
51.299999,1
47.650002,1
51.45126,1
51.936539,1
48.29427,1
47.925243,1
39.961033,1
33.75473,1
40.586506,1
50.883331,1
50.928028,1
49.785069,1
51.030037,1
51.53933,1
49.267551,1
48.799438,1
51.9412,1
51.656898,1
53.839802,1
51.049622,1
52.360668,1
33.972301,1
40.245369,1
41.780067,1
48.8162,1
42.544899,1
51.490582,1
44.638901,1
52.310928,1
51.597031,1
52.690639,1
29.645405,1
38.004372,1
34.019047,1
47.71788,1
41.701645,1
39.195683,1
44.475964,1
41.695599,1
34.092121,1
41.053455,1
35.916462,1
37.726219,1
37.758232,1
51.442219,1
43.817928,1
48.815681,1
50.946331,1
50.595428,1
43.269321,1
40.931263,1
37.410881,1
42.403877,1
3.03333,1
38.621391,1
36.080467,1
48.450001,1
46.989559,1
54.653381,1
45.415421,1
44.5,1
52.25,1
51.680328,1
52.244671,1
51.415482,1
41.533161,1
29.665779,1
47.788166,1
37.619068,1
21.383329,1
47.23333,1
36.692348,1
46.238869,1
40.205639,1
51.900002,1
53.183331,1
52.566669,1
54.870251,1
48.197639,1
53.09787,1
35.983334,1
43.666672,1
50.822418,1
48.111191,1
46.145,1
37.799999,1
40.523331,1
43.943329,1
42.884541,1
13.452884,1
37.038891,1
48.195721,1
55.999168,1
48.246429,1
53.200001,1
43.622238,1
43.658058,1
43.943409,1
48.383331,1
-8.332,1
44.927502,1
4.43889,1
38.778439,1
40.996521,1
46.84,1
47.941521,1
49.82795,1
43.50293,1
43.38641,1
54.959358,1
49.01667,1
48.823448,1
43.559269,1
53.393372,1
43.776489,1
46.372669,1
21.174471,1
48.768459,1
51.400002,1
48.783329,1
43.851341,1
50.638401,1
46.667439,1
45.831627,1
53.194141,1
43.70591,1
51.871132,1
43.622223,1
37.1759,1
48.723808,1
45.442879,1
52.90818,1
46.612419,1
48.735298,1
46.946629,1
43.282082,1
49.648682,1
43.929798,1
52.971489,1
48.90004,1
43.948341,1
43.487801,1
52.750011,1
47.55357,1
47.4603,1
54.00489,1
45.526249,1
52.475201,1
52.916359,1
47.205799,1
32.564541,1
-26.716488,1
21.129328,1
41.240822,1
59.63607,1
40.084518,1
47.21526,1
50.550789,1
49.415901,1
51.18483,1
43.721619,1
48.342098,1
54.890041,1
48.000019,1
50.79509,1
45.146702,1
46.55357,1
46.062511,1
56.264061,1
53.389778,1
55.333328,1
47.412491,1
51.65147,1
48.951401,1
48.393188,1
49.400761,1
47.957199,1
51.06395,1
44.32869,1
43.758572,1
51.519878,1
43.891739,1
44.190559,1
-23.448589,1
40.5,1
39.159168,1
37.714451,1
37.320839,1
55.195919,1
48.04089,1
50.216671,1
44.37756,1
49.34483,1
52.042721,1
44.932964,1
43.116669,1
48.716702,1
46.830559,1
38.463562,1
-21.1775,1
43.638252,1
50.796539,1
50.471512,1
44.360111,1
46.56493,1
52.634521,1
48.99173,1
43.398731,1
53.387642,1
51.97039,1
52.710091,1
48.27594,1
53.68771,1
43.16198,1
-5.55,1
7.2622,1
39.366718,1
-21.764185,1
51.02869,1
48.80928,1
60.09726,1
47.194981,1
48.591839,1
60.56974,1
-3.6486,1
26.257374,1
29.183331,1
45.18446,1
-0.42013,1
-13.07512,1
42.417923,1
49.514729,1
49.980499,1
43.5089,1
56.785278,1
3.10726,1
-24.87158,1
-7.88333,1
34.680519,1
52.220001,1
-15.76952,1
-36.758301,1
-38.002216,1
21.080839,1
21.283331,1
43.653172,1
43.676811,1
45.466808,1
55.572529,1
54.15416,1
34.799221,1
40.914581,1
45.557289,1
44.562199,1
21.76667,1
8.4,1
46.162781,1
47.246899,1
48.262459,1
29.106001,1
19.417212,1
43.045139,1
29.39743,1
43.66354,1
22.566669,1
-33.98056,1
35.616703,1
9.928522,1
50.380169,1
25.86944,1
60.76667,1
10.7,1
36.11285,1
12.65,1
45.714371,1
45.2117,1
16.773809,1
36.033001,1
45.386169,1
36.966667,1
35.192745,1
52.633331,1
46.021481,1
50.655121,1
19.23333,1
15.35,1
44.639969,1
64.001892,1
-25.395542,1
43.799896,1
55.702671,1
54.950001,1
55.914169,1
46.650002,1
45.367638,1
47.351688,1
12.1084,1
40.28326,1
44.24361,1
41.353531,1
56.58778,1
63.285549,1
50.852558,1
-40.758331,1
50.399181,1
50.96479,1
29.466669,1
48.688438,1
35.567219,1
33.414768,1
43.520248,1
40.786293,1
42.577789,1
43.707355,1
21.301941,1
28.06403,1
61.333328,1
-39.066669,1
48.088467,1
33.450401,1
43.45644,1
38.403957,1
37.727226,1
26.628546,1
22.433331,1
52.529171,1
48.47015,1
49.68988,1
52.902142,1
50.297653,1
41.195621,1
-45.874161,1
44.116669,1
46.566669,1
60.407242,1
49.280079,1
44.167053,1
39.637508,1
41.2318,1
28.541508,1
41.836292,1
52.261669,1
50.131729,1
59.921207,1
46.694118,1
48.151272,1
45.083328,1
53.546078,1
49.08799,1
46.53471,1
44.537312,1
-5.58806,1
14.600125,1
43.659485,1
50.298031,1
60.683289,1
48.974651,1
52.08997,1
-22.65571,1
49.547821,1
3.35,1
50.137169,1
44.216671,1
50.666954,1
37.542198,1
49.743591,1
46.30006,1
47.124241,1
45.200909,1
7.57583,1
41.646622,1
3.437203,1
56.803989,1
35.909168,1
51.202179,1
49.069752,1
52.057487,1
49.286499,1
42.5,1
34.314201,1
38.01321,1
11.240891,1
-3.56222,1
56.876041,1
-35.550419,1
47.743179,1
67.280121,1
50.54829,1
60.305038,1
57.720798,1
50.37598,1
49.897949,1
49.115028,1
50.145409,1
55.529171,1
-7.93861,1
38.444511,1
45.656254,1
-33.468216,1
55.490391,1
51.540569,1
50.83511,1
46.906158,1
55.65173,1
46.1642,1
52.02,1
47.133022,1
50.834171,1
15.59154,1
49.080608,1
10.53333,1
34.916622,1
35.889332,1
51.959171,1
51.116421,1
45.049999,1
-20.220831,1
35.010319,1
52.674171,1
57.488152,1
47.478001,1
56.475151,1
49.99115,1
51.662971,1
50.314209,1
38.433331,1
55.185188,1
4.85165,1
34.679909,1
47.388531,1
55.330509,1
-37.9827,1
41.235741,1
56.466671,1
51.471668,1
48.620899,1
49.951092,1
48.884354,1
39.759666,1
52.602535,1
56.062241,1
46.679001,1
56.47633,1
50.03437,1
47.546989,1
42.12632,1
20.65,1
35.690773,1
36.750687,1
52.139999,1
49.842361,1
51.498909,1
52.996838,1
56.955231,1
43.629601,1
32.54208,1
56.720661,1
47.836781,1
29.495968,1
45.396889,1
50.979671,1
46.220829,1
46.135246,1
29.379749,1
4.048288,1
32.930351,1
-9.86667,1
49.96814,1
34.766876,1
51.622501,1
51.596401,1
49.962551,1
53.243443,1
53.710579,1
51.661659,1
36.889271,1
13.91667,1
33.849819,1
44.697498,1
32.456169,1
62.524948,1
51.213379,1
53.20837,1
22.4,1
57.440731,1
59.973591,1
-8.16604,1
-34.416569,1
-34.4394,1
50.052841,1
54.444599,1
23.83639,1
-3.33333,1
39.617901,1
50.903481,1
48.757629,1
43.722111,1
46.549999,1
57.433331,1
45.345348,1
60.083328,1
16.5443,1
22.83333,1
49.136818,1
51.87978,1
51.131809,1
51.496071,1
53.435909,1
49.733131,1
53.37199,1
49.51667,1
50.346771,1
51.829979,1
39.957851,1
49.99168,1
48.454708,1
50.175991,1
44.462421,1
56.908878,1
40.008511,1
9.45,1
-1.66667,1
42.926331,1
43.2397,1
-26.41646,1
44.475407,1
43.641357,1
19.183331,1
42.50729,1
69.648895,1
49.133369,1
43.237499,1
40.755371,1
49.886398,1
49.330471,1
51.11644,1
50.605282,1
53.575321,1
53.629372,1
50.933331,1
51.221722,1
51.96236,1
44.929413,1
56.031288,1
47.033329,1
51.038609,1
47.666672,1
35.700001,1
35.500111,1
-23.84761,1
-28.677,1
59.599998,1
11.46667,1
27.377621,1
48.339581,1
55.25,1
44.352268,1
47.51667,1
12.66667,1
50.518089,1
51.180759,1
41.726357,1
49.031067,1
18.58054,1
50.91539,1
61.784908,1
-33.950001,1
51.335011,1
50.122211,1
49.60046,1
50.65778,1
-20.075258,1
21.83333,1
38.705448,1
6.365501,1
60.804871,1
36.563438,1
37.73333,1
54.183849,1
-38.195278,1
-23.90448,1
49.178329,1
51.956791,1
53.162319,1
49.798248,1
-36.451969,1
43.37326,1
49.458019,1
-12.6975,1
47.141464,1
30.950001,1
43.196011,1
50.866539,1
49.066509,1
47.414291,1
6.0367,1
56.02813,1
50.319191,1
45.09927,1
50.582859,1
46.316799,1
48.200001,1
46.021893,1
46.701939,1
2.62271,1
31.961559,1
0.347449,1
-34.185509,1
45.738609,1
41.880711,1
51.781872,1
53.83149,1
52.420551,1
50.095814,1
50.927189,1
53.517036,1
51.650002,1
49.928421,1
49.650002,1
49.882629,1
-26.366671,1
38.239529,1
45.898609,1
36.279701,1
-25.701941,1
46.375832,1
47.283329,1
-34.617722,1
36.89333,1
49.388988,1
53.72831,1
48.392906,1
-16.053612,1
51.218979,1
-12.48,1
-30.7078,1
-6.8,1
6.12104,1
-34.17083,1
2.0251,1
-2.91673,1
50.721859,1
49.400002,1
51.87167,1
51.209202,1
51.073921,1
43.270596,1
36.4575,1
-7.5933,1
46.39085,1
-33.933235,1
-20.27417,1
22.216717,1
23.033331,1
-8.1213,1
51.534168,1
37.486698,1
52.068958,1
51.495193,1
50.30632,1
52.549999,1
45.533379,1
32.700001,1
47.466671,1
43.868999,1
-25.96361,1
35.952099,1
41.447475,1
37.258469,1
21.93458,1
-32.321388,1
53.422421,1
35.327785,1
64.166672,1
56.826618,1
-37.958549,1
48.855499,1
44.449249,1
15.879433,1
49.096134,1
51.342098,1
48.386181,1
51.46085,1
49.22298,1
43.074902,1
46.621391,1
60.168041,1
53.569492,1
65.584198,1
41.791168,1
23.4095,1
50.783421,1
-6.85,1
51.223114,1
41.22403,1
48.837769,1
49.948147,1
48.241821,1
-26.504761,1
-23.42528,1
32.10384,1
42.48333,1
-42.874638,1
45.502495,1
45.55986,1
-31.433331,1
40.577202,1
24.155411,1
-34.416672,1
52.286381,1
47.462055,1
-25.73361,1
36.996658,1
48.307751,1
46.084225,1
56.238892,1
47.258701,1
-33.816269,1
49.216671,1
-7.07694,1
43.47644,1
-22.48056,1
48.48333,1
49.706322,1
49.854969,1
-17.389587,1
49.265823,1
51.316669,1
36.209499,1
54.86948,1
53.562881,1
46.76812,1
43.596939,1
39.5172,1
63.79332,1
3.583348,1
38.731712,1
46.083328,1
52.66103,1
46.716671,1
61.099789,1
51.49902,1
44.69825,1
43.693916,1
45.876068,1
-6.823193,1
55.565681,1
59.687328,1
-20.44306,1
37.087009,1
62.03389,1
46.195202,1
39.569698,1
52.864929,1
36.200119,1
53.53344,1
41.327499,1
-28.52383,1
47.01096,1
31.669191,1
39.939045,1
15.116732,1
45.78228,1
47.331032,1
55.003269,1
45.60009,1
47.849998,1
37.048359,1
51.740978,1
-12.26667,1
46.76667,1
-43.533131,1
50.862579,1
55.679539,1
45.889599,1
49.26284,1
56.941292,1
9.304871,1
41.63953,1
44.202221,1
16.299999,1
39.60199,1
43.061939,1
20.73333,1
5.31201,1
43.471024,1
55.81517,1
41.41814,1
65.533348,1
53.523888,1
49.316956,1
49.809391,1
60.435181,1
49.555756,1
39.924091,1
27.78248,1
25.150829,1
47.099998,1
37.282871,1
49.751331,1
56.73333,1
37.766998,1
-23.546671,1
-36.878201,1
55.592091,1
43.738998,1
51.789928,1
42.715889,1
46.880421,1
30.4293,1
46.04208,1
46.434021,1
45.043491,1
56.135658,1
44.083328,1
38.583382,1
55.117771,1
49.892479,1
60.15757,1
10.3375,1
43.657875,1
-23.31028,1
-40.349632,1
50.515041,1
27.146475,1
40.031158,1
-22.872841,1
40.150848,1
47.41679,1
57.243889,1
23.225731,1
26.754999,1
51.194126,1
36.133308,1
9.46667,1
37.650002,1
46.160332,1
48.821281,1
56.35722,1
48.419628,1
9.93472,1
41.116711,1
45.487221,1
46.975101,1
47.966671,1
45.083382,1
59.447121,1
10.000001,1
36.578609,1
59.48761,1
9.76667,1
17.25,1
38.35627,1
16.75,1
44.616669,1
43.784863,1
-33.737808,1
34.52813,1
21.82333,1
47.287899,1
29.616671,1
53.599922,1
55.886028,1
26.134701,1
51.370178,1
-20.93722,1
49.455109,1
47.233059,1
35.101452,1
35.82539,1
43.855854,1
46.342724,1
16.59601,1
-37.881699,1
40.43293,1
37.153679,1
-43.75,1
18.950001,1
40.96072,1
-36.833328,1
15.75971,1
19.283331,1
28.15,1
53.916599,1
43.662189,1
37.274429,1
-37.5,1
43.470425,1
38.411999,1
-17.966669,1
49.072201,1
43.60862,1
40.755348,1
51.737373,1
45.502686,1
45.495251,1
28.68351,1
41.60746,1
-39.48333,1
58.17347,1
43.820358,1
45.530315,1
18.883329,1
63.468102,1
-33.702438,1
-5.895,1
39.552231,1
38.790791,1
47.349998,1
-29.650562,1
49.71793,1
46.02002,1
-6.77361,1
20.700001,1
14.6982,1
63.19936,1
35.23455,1
63.083328,1
34.686089,1
41.9142,1
36.593891,1
42.290939,1
40.752193,1
46.999062,1
19.33333,1
50.579041,1
18.33333,1
43.450111,1
-35.915009,1
-31.950001,1
-34.761681,1
14.64,1
44.680519,1
45.798328,1
-20.42028,1
48.183331,1
-28.650829,1
-34.58382,1
43.599098,1
-31.744276,1
-0.88333,1
51.141521,1
49.183388,1
47.260559,1
-26.20997,1
22.799999,1
24.133329,1
44.84306,1
51.904251,1
38.400002,1
-16.922861,1
19.54814,1
56.421631,1
43.649963,1
10.93333,1
38.840862,1
50.174622,1
1.4726,1
46.420052,1
45.8148,1
8.76667,1
47.584942,1
39.912079,1
46.334999,1
50.623119,1
55.2784,1
-27.933331,1
49.181381,1
10.35,1
56.3843,1
21.116671,1
25.62715,1
26.2167,1
50.258091,1
50.561489,1
45.850079,1
37.25264,1
49.990719,1
44.11972,1
19.033331,1
63.799999,1
-28.81354,1
59.377399,1
43.883419,1
39.266998,1
36.860119,1
60.299999,1
39.402851,1
45.824436,1
49.68322,1
34.463142,1
42.311852,1
-16.788759,1
17.98333,1
39.909779,1
-16.995001,1
49.91465,1
45.7589,1
46.246868,1
48.896713,1
48.580582,1
34.090523,1
49.009392,1
43.829372,1
24.74333,1
61.26667,1
60.716152,1
43.73888,1
16.416389,1
42.616669,1
30.975309,1
44.14056,1
24.468632,1
46.940182,1
32.834282,1
45.928951,1
39.772247,1
33.74752,1
46.003819,1
32.896179,1
34.966255,1
40.397221,1
-23.52256,1
41.013157,1
42.577518,1
37.998459,1
47.91288,1
40.431179,1
50.465591,1
39.717781,1
42.599998,1
52.224541,1
44.989201,1
47.414612,1
40.19833,1
41.63031,1
41.972218,1
41.583378,1
39.173183,1
38.924702,1
40.500351,1
41.886501,1
35.665924,1
36.078602,1
42.869999,1
44.89941,1
49.073872,1
42.008343,1
41.135162,1
31.09823,1
44.739407,1
38.938862,1
32.54044,1
36.992641,1
39.294605,1
41.829769,1
46.40519,1
48.276588,1
48.782009,1
43.06673,1
42.441154,1
38.286018,1
39.947899,1
50.69503,1
47.68153,1
40.217049,1
47.641769,1
39.98526,1
33.100815,1
30.9202,1
40.986691,1
41.099781,1
59.681938,1
59.46167,1
45.854721,1
45.46056,1
39.427319,1
48.19001,1
50.551991,1
40.417423,1
37.10284,1
35.080788,1
40.211498,1
32.854198,1
41.459373,1
42.651241,1
36.186741,1
40.745319,1
44.447289,1
52.080799,1
39.831234,1
42.648071,1
35.083015,1
33.956367,1
27.96587,1
43.012661,1
39.311111,1
26.385429,1
43.637859,1
37.917629,1
40.014992,1
36.113201,1
34.876202,1
38.6409,1
35.153763,1
32.783039,1
48.2528,1
45.365681,1
34.182999,1
43.09063,1
-26.24333,1
44.76733,1
39.995621,1
48.54657,1
35.292622,1
55.71722,1
39.526405,1
38.339748,1
41.844227,1
41.699718,1
28.018389,1
44.353321,1
40.90089,1
42.961399,1
41.638889,1
56.72657,1
55.932499,1
54.937599,1
56.032822,1
45.255001,1
37.215485,1
39.04084,1
39.157558,1
42.263081,1
30.695026,1
40.167221,1
41.557259,1
46.138569,1
37.679211,1
53.078339,1
-28.253839,1
36.077423,1
41.392269,1
39.791458,1
40.393089,1
38.904308,1
47.463902,1
30.292822,1
40.693665,1
39.736,1
35.01424,1
30.086145,1
47.419338,1
47.748699,1
44.986431,1
60.683331,1
43.98262,1
44.854408,1
52.35088,1
33.85733,1
35.733002,1
51.740002,1
47.190136,1
39.514751,1
52.354221,1
43.104774,1
34.106682,1
37.421261,1
40.349499,1
42.15847,1
40.707741,1
40.289707,1
36.990814,1
46.250061,1
43.91333,1
41.020035,1
39.846161,1
33.689316,1
25.5783,1
40.77216,1
47.561195,1
38.901119,1
34.70929,1
40.348988,1
39.794502,1
40.69656,1
41.450142,1
38.829861,1
41.319782,1
42.48531,1
59.810558,1
39.056641,1
48.498901,1
39.797279,1
28.698944,1
37.32328,1
31.22323,1
41.499226,1
42.326645,1
36.974125,1
35.97644,1
40.601643,1
32.220699,1
38.910839,1
53.18615,1
43.716839,1
46.3214,1
17.133329,1
44.840801,1
30.533577,1
40.951805,1
40.121376,1
43.630547,1
33.888519,1
33.148056,1
33.422356,1
36.304771,1
45.324581,1
46.323738,1
33.64193,1
36.366943,1
33.816959,1
30.497311,1
42.900059,1
37.988636,1
36.148899,1
41.567219,1
41.314522,1
40.668709,1
41.58783,1
42.440636,1
30.396099,1
32.7668,1
33.517361,1
41.683399,1
56.5247,1
55.450001,1
33.920387,1
35.887905,1
42.580311,1
46.150051,1
36.066967,1
42.050091,1
45.4375,1
50.64257,1
37.447117,1
42.348358,1
36.0397,1
36.021034,1
35.209084,1
38.245831,1
33.548126,1
38.449871,1
39.974052,1
52.0602,1
49.855888,1
46.533329,1
40.23645,1
40.518616,1
28.555269,1
36.530972,1
33.667927,1
33.058109,1
32.7211,1
43.750874,1
27.936563,1
47.675911,1
27.099779,1
36.015621,1
32.52845,1
39.843948,1
40.209064,1
34.1954,1
32.386627,1
41.622299,1
41.785187,1
36.162842,1
30.052799,1
39.175339,1
28.6,1
42.765369,1
42.658726,1
38.775009,1
30.27519,1
36.163559,1
43.796471,1
37.489616,1
47.230881,1
-21.208727,1
51.394619,1
37.16708,1
38.495331,1
40.193401,1
28.078009,1
30.439369,1
41.417061,1
34.74007,1
20.733101,1
39.64777,1
32.360008,1
37.926945,1
34.961868,1
36.685822,1
40.369793,1
40.326794,1
33.916401,1
34.036465,1
39.206776,1
40.857906,1
43.051418,1
42.491673,1
40.459209,1
36.072571,1
34.106529,1
42.866631,1
42.639095,1
43.083225,1
35.1478,1
32.85791,1
37.209942,1
18.85,1
10.23333,1
36.581764,1
37.443253,1
40.57198,1
36.300781,1
35.185921,1
34.358246,1
38.59602,1
37.00024,1
33.3451,1
41.15604,1
42.269348,1
32.095303,1
34.867001,1
49.593815,1
56.253109,1
52.603146,1
40.07122,1
43.073299,1
35.481659,1
33.586163,1
42.664619,1
40.758308,1
33.641129,1
40.469879,1
41.558151,1
35.610832,1
33.214916,1
33.47097,1
22.333118,1
50.741619,1
16.86968,1
44.007401,1
47.697338,1
44.707222,1
29.7609,1
42.36425,1
33.907982,1
42.101578,1
28.99748,1
41.948109,1
37.688725,1
47.75565,1
39.776371,1
44.417122,1
-7.88944,1
52.536388,1
-25.965229,1
-32.833492,1
34.068386,1
45.006081,1
36.015671,1
41.724796,1
34.503841,1
28.38612,1
40.755867,1
41.747486,1
41.596481,1
33.493641,1
33.635567,1
36.914719,1
36.816261,1
50.10038,1
40.746803,1
34.692638,1
42.972252,1
34.55415,1
35.088612,1
28.835819,1
39.842098,1
42.871292,1
39.881451,1
30.9708,1
40.112999,1
-5.089197,1
50.137032,1
41.336189,1
42.415371,1
24.85778,1
35.234165,1
37.22802,1
39.115273,1
46.87215,1
29.61981,1
35.493,1
45.55719,1
44.081257,1
40.695663,1
27.937769,1
35.975903,1
33.782497,1
40.257504,1
40.455521,1
-22.25222,1
59.602371,1
-38.136581,1
43.527851,1
33.981426,1
41.503429,1
41.436161,1
43.153568,1
46.837379,1
61.626942,1
40.958649,1
33.660099,1
36.728298,1
38.520046,1
39.55228,1
27.294382,1
42.462349,1
42.5961,1
35.614975,1
45.171906,1
40.567829,1
34.702339,1
37.639133,1
34.957874,1
41.110828,1
29.90328,1
37.118431,1
41.955898,1
37.27528,1
32.889099,1
30.234018,1
15.81667,1
44.200001,1
53.866669,1
45.661362,1
-22.356939,1
21.453239,1
-17.598061,1
39.794895,1
41.700527,1
37.973438,1
35.870399,1
42.980232,1
34.737095,1
44.699539,1
38.209896,1
42.599144,1
38.942863,1
39.801632,1
43.7047,1
38.249214,1
32.976231,1
45.213604,1
33.47868,1
35.47374,1
45.520378,1
44.311359,1
34.354172,1
37.305904,1
38.029537,1
35.768841,1
29.753967,1
26.839037,1
36.388378,1
40.448284,1
45.764881,1
44.291233,1
29.806749,1
34.297878,1
40.608868,1
38.701168,1
36.680893,1
39.410702,1
34.539951,1
45.560978,1
45.464699,1
39.276482,1
41.538689,1
40.39278,1
39.418369,1
37.562862,1
29.88306,1
36.866341,1
45.210121,1
41.450001,1
-33.59956,1
43.594448,1
35.125801,1
40.862041,1
43.178902,1
35.167938,1
39.7131,1
37.130501,1
37.271172,1
32.916626,1
35.250641,1
60.747379,1
43.66164,1
39.728561,1
42.731419,1
39.240379,1
40.750134,1
42.875912,1
43.309521,1
42.997803,1
40.36116,1
42.238338,1
37.269917,1
40.609516,1
41.506737,1
30.715816,1
41.330734,1
34.051159,1
42.61694,1
39.329239,1
34.500832,1
35.536549,1
34.583,1
45.639221,1
39.579159,1
28.26689,1
34.5037,1
31.56044,1
40.833698,1
48.043045,1
42.741943,1
46.285725,1
42.559898,1
-25.74486,1
44.383606,1
47.604038,1
45.309399,1
52.816669,1
26.715349,1
33.294571,1
42.16568,1
41.316639,1
51.025742,1
38.134029,1
44.016434,1
45.251671,1
55.610081,1
47.433781,1
49.611111,1
50.191978,1
36.855,1
50.08601,1
40.099998,1
-30.86088,1
47.377869,1
42.26667,1
48.030151,1
38.003002,1
38.125702,1
22.54554,1
54.990101,1
59.27412,1
61.346748,1
1.7381,1
