longitude,count
-122.395203,29003
-77.491806,15517
116.397102,14469
8.681996,13621
103.850281,12571
-0.12574,9879
120.161583,8407
139.692322,8232
151.207047,7716
114.157692,6858
-122.676468,6226
-6.267249,6015
72.87738,5641
126.977203,5244
2.293486,5091
-84.387543,4983
-74.44902,4784
-96.729813,4641
121.468948,4137
135.502228,4030
-46.637184,3988
-82.997749,3969
-73.587807,3891
11.601019,3861
18.422857,3639
18.06484,3448
-121.894958,3223
113.264572,3181
114.068108,3082
-117.858223,2695
-122.329842,2551
121.563599,2304
13.410037,2298
4.89998,2172
-122.419418,2150
-118.243904,1829
-118.822617,1774
127.442421,1735
37.615471,1309
-122.078514,1294
24.93545,1286
3.174439,1286
104.066269,1189
-119.700577,1157
14.420798,1109
-95.860832,1016
9.188547,999
7.466,963
-77.050781,935
118.777992,859
-118.263687,859
127.126717,829
8.38583,817
-121.95549,814
-3.684733,809
34.781227,800
8.75336,788
11.57549,785
-105.119759,781
11.03577,760
-74.012367,741
6.77617,719
12.56553,712
4.34878,691
-79.559723,648
-105.30545,640
-111.882721,628
-78.387497,599
-78.159439,595
12.371563,591
-119.852577,590
106.553101,586
-79.382927,577
30.2642,569
114.266853,566
-3.18,548
-94.578568,547
21.01178,493
113.648613,492
-2.23743,478
-111.634071,451
5.478038,443
-112.074051,442
121.549767,423
120.617691,411
-111.922157,407
7.742745,406
14.55302,404
116.997223,403
-122.346199,386
-80.007584,386
-74.006065,372
-74.163605,365
8.54979,359
14.43427,349
11.06833,348
-117.581284,343
0.0,326
120.75,305
120.371941,300
10.014778,296
-118.250916,293
117.176102,291
-121.889297,288
14.30528,287
106.84549,281
-93.609116,276
-121.786545,274
-122.330589,273
19.466669,272
-123.023262,271
-81.493103,267
9.9272,264
121.741829,263
105.841461,257
-121.178688,256
-122.260963,254
100.516815,252
112.966667,252
112.561508,248
-74.005013,247
19.916634,243
-121.988571,238
106.666672,231
-87.620605,231
119.379356,231
77.603287,227
107.082932,225
-79.641083,223
106.989609,216
73.854507,215
-80.193604,211
120.288788,211
67.010002,209
-122.248833,208
127.734169,202
6.94972,200
-94.568878,197
118.081871,194
115.883331,193
-98.493729,191
63.584171,191
6.567002,185
51.42131,184
113.131477,181
113.56778,174
-77.342102,174
120.57383,173
-84.425377,171
55.304722,170
117.28083,170
-77.039474,169
127.016335,167
16.93,165
114.478081,165
77.329865,164
113.745003,160
6.094466,156
-81.65567,156
119.306107,154
6.16389,154
108.316673,153
8.621729,152
102.71833,152
-97.714119,148
23.32415,145
-117.88842,145
17.106958,145
110.783333,143
6.89578,140
28.04355,140
-0.13947,137
30.5238,135
8.702264,133
123.432877,132
103.792221,132
-115.137222,131
78.474388,130
13.738321,129
-96.806503,123
144.963165,123
118.585831,121
-84.361015,120
-75.199928,118
130.399979,118
28.949659,117
-78.896202,116
-122.120903,116
-78.878799,115
-70.566521,115
9.176995,114
114.933327,113
25.279985,113
-76.093918,109
10.74609,107
113.545967,107
127.420013,107
-75.978043,107
-122.310959,106
106.272598,105
-74.1735,105
101.686623,104
23.716246,104
-86.458237,103
19.03978,103
116.693001,103
119.966667,103
-74.005898,102
-111.658585,100
6.194719,99
-74.460167,99
121.467468,98
-77.386002,98
6.138709,97
46.721767,97
9.733559,96
108.928612,96
-118.239738,95
121.349998,94
109.822922,93
110.341667,93
103.763863,90
153.028091,90
16.608206,90
-84.637764,89
118.342781,88
16.37208,86
119.434372,85
-122.032181,85
120.666817,83
7.75028,83
101.532799,82
26.10607,81
122.598511,81
14.13265,81
82.934502,79
-74.466194,79
100.983452,79
174.766663,79
4.478915,79
-1.28278,77
118.283333,76
4.759916,76
4.7761,76
77.216682,75
4.493057,74
19.12409,72
-74.000763,72
7.215974,71
3.716723,71
5.65833,70
5.808559,70
4.96256,70
-84.08342,69
113.150002,68
-82.51545,67
37.554722,67
121.296875,65
5.214081,65
-87.644165,65
12.37129,65
119.4356,62
-9.133368,62
8.546015,61
4.298633,61
18.64637,61
7.24411,61
-99.127609,61
-74.173576,61
-93.263908,61
-75.163788,61
120.96843,60
7.16814,60
11.87696,60
6.098739,59
135.399933,59
-106.966736,59
17.141365,59
-87.645103,58
129.365067,58
113.083328,57
-122.671989,57
-90.192154,57
8.107754,57
-84.443268,56
-111.891052,56
5.91111,56
118.498253,55
28.187923,54
119.166847,54
8.0503,54
8.808233,53
-58.381554,53
9.980291,53
60.612499,53
8.479518,53
-80.189827,52
104.296387,52
111.466667,52
-3.19648,52
112.144836,51
115.49028,51
3.613442,51
-82.546867,51
90.407112,51
7.6,50
-74.06208,49
58.59333,49
114.467781,49
-0.377568,48
-122.413673,48
17.87842,48
104.753128,48
-117.144547,48
37.560879,48
-90.237549,48
-79.995888,47
-83.735924,47
-82.458832,47
33.692059,47
7.574011,47
20.465824,46
-3.616412,46
4.636802,46
80.278481,46
8.749907,46
113.382317,45
120.0933,45
-79.600632,44
116.637665,44
2.15879,44
126.866478,44
-101.890411,43
-71.104523,43
24.753531,42
-104.983597,42
-118.41658,42
-123.116714,42
-1.89983,41
115.861397,41
5.38748,41
-71.201134,40
104.38179,40
113.091942,40
-122.30159,40
118.525002,40
5.717999,40
7.095081,39
-74.055557,39
-71.105743,39
6.083599,39
120.874779,39
-47.061001,39
121.400002,38
126.650002,38
6.72781,38
12.095592,38
14.505114,38
-98.399246,38
11.16247,38
126.731873,38
-80.444389,38
4.0332,37
-117.820732,37
-65.411697,37
-81.673981,37
104.916061,37
-97.743134,37
44.400879,37
18.913767,37
8.045,36
126.915298,36
-1.56553,36
120.288658,36
4.748631,36
5.38107,36
6.130018,36
7.447452,35
6.46667,35
14.28605,35
113.867203,35
120.125282,35
24.652159,35
10.687058,35
4.328658,35
11.032561,35
-122.23484,35
13.847821,35
-81.379242,35
10.900789,35
87.319916,35
-95.362061,35
-93.618919,34
-79.668846,34
-73.950645,34
10.224733,34
116.107239,34
128.591202,34
-104.950523,33
10.134532,33
103.375603,33
-117.231796,33
0.60682,33
8.717336,33
113.233063,33
8.212274,33
-1.4659,33
-43.172962,33
138.598633,33
24.10589,32
5.475,32
14.47506,32
-117.660103,32
-77.104279,32
12.88566,32
-73.96756,32
119.910767,32
-73.612358,32
-121.958199,31
-96.682106,31
8.649697,31
116.714706,31
-106.320877,31
30.732597,31
117.655571,31
-114.075951,31
2.235247,31
12.0,31
4.40346,30
106.716667,30
-76.61219,30
22.566675,30
-87.6259,30
139.691696,30
117.166664,30
27.566729,30
118.015182,30
16.284182,29
-0.53792,29
120.982201,29
-121.540916,29
111.283882,29
-2.44926,29
119.019173,29
-77.92598,29
13.057829,29
-123.368149,29
-1.08708,29
11.60122,29
29.060982,28
-95.93779,28
-88.004753,28
-4.420112,28
12.14049,28
-75.69651,28
-74.081749,28
17.645178,28
-71.214539,28
5.39028,28
36.816669,28
-4.25763,27
15.978012,27
114.879349,27
-88.153046,27
125.322777,27
-84.390144,27
-79.770088,27
-83.740784,27
4.687755,27
3.57361,27
110.360832,27
13.376817,27
6.981598,26
116.694717,26
-2.46313,26
-80.843132,26
11.487018,26
117.554169,26
115.441109,26
76.949989,26
117.662498,26
119.588226,26
5.1221,26
17.902571,26
4.473398,26
120.684006,26
84.966637,26
112.453911,26
112.0373,25
-0.08607,25
10.87539,25
-75.228661,25
105.440491,25
-2.2431,25
18.281956,25
26.133825,25
99.333107,25
34.885029,25
116.397232,25
12.484253,25
-111.987442,25
-76.884628,24
-96.698936,24
-77.448059,24
67.082352,24
111.966667,24
-7.619099,24
4.846578,24
2.206622,24
75.816742,24
-77.174522,24
-76.285217,24
-117.761856,24
16.531441,24
13.339974,24
6.14588,24
108.220978,24
-122.160225,24
151.200333,24
-79.659508,24
50.150776,24
-58.76815,24
17.033762,24
-77.614723,24
-80.516335,24
11.72273,23
23.787121,23
-1.553394,23
139.638275,23
22.943905,23
8.27652,23
23.8999,23
-75.202271,23
25.605682,23
115.98333,23
-122.735413,23
9.55236,23
39.873623,23
149.128067,22
8.378868,22
112.750732,22
118.297783,22
10.38831,22
69.21627,22
109.389046,22
111.650665,22
-96.788727,22
-2.99835,22
-71.060074,22
39.21917,22
-79.891724,22
-121.176064,22
12.35174,22
10.85329,22
-21.895985,22
11.966732,21
-84.170197,21
-58.666607,21
-73.990089,21
-77.152901,21
100.335426,21
13.043747,21
12.36328,21
118.868607,21
-80.431496,21
-79.379326,21
11.411465,21
8.51046,21
-77.488503,21
4.96651,21
-71.254135,21
119.909721,20
3.22424,20
151.212997,20
103.757721,20
10.52673,20
8.53468,20
50.135212,20
-99.033127,20
127.139389,20
13.001616,20
131.873505,20
111.616669,20
66.76667,20
113.300102,20
118.183327,20
4.465397,20
-84.502151,20
18.531879,20
-122.272751,20
119.455559,20
17.251877,20
10.39659,19
107.030609,19
50.583263,19
-88.309464,19
-117.823112,19
-117.603104,19
-122.123009,19
31.24967,19
-96.744873,19
-86.157181,19
8.77052,19
6.793335,19
146.394974,19
14.16717,19
139.649994,19
-5.975701,18
75.833366,18
4.209895,18
7.625645,18
-90.075073,18
16.552759,18
-121.929489,18
120.313286,18
13.42246,18
8.24938,18
76.949997,18
123.173203,18
106.631989,18
-122.395103,18
-121.4944,18
-83.352417,18
4.94487,18
72.616783,18
15.04167,18
19.02747,18
-81.184601,18
18.007532,17
6.39027,17
-71.454788,17
-2.36667,17
-0.85309,17
5.44973,17
-97.076385,17
-84.386612,17
-104.883926,17
-75.697998,17
79.847588,17
-96.978302,17
109.959167,17
135.092773,17
77.033669,17
126.926872,17
-3.51434,17
117.969002,17
27.13838,17
-78.643494,17
-123.030228,17
10.119071,16
8.30592,16
-117.189484,16
32.854271,16
-3.52751,16
-97.516434,16
5.68889,16
4.08573,16
5.661259,16
6.633197,16
117.76667,16
-3.64197,16
21.933331,16
-118.08757,16
-79.379951,16
106.084641,16
-75.531677,16
7.85222,16
-9.24671,16
36.25272,16
9.99155,16
7.871661,16
118.714989,16
118.063354,16
112.614998,16
-85.129364,16
-121.820831,16
7.42562,16
7.012673,16
118.564552,16
-88.00956,16
17.115561,16
-122.205376,16
114.328865,16
24.319651,16
-105.136505,16
-89.511383,16
20.25,15
5.85278,15
5.45972,15
10.997721,15
-96.798347,15
-100.383926,15
121.032692,15
10.394367,15
117.120003,15
23.283331,15
-74.27755,15
-2.1552,15
-97.764297,15
-2.41667,15
112.900002,15
11.881701,15
-118.401291,15
127.443146,15
-86.784439,15
38.9725,15
7.945277,15
126.783508,15
-96.83873,15
-34.881348,15
150.283325,15
52.658421,15
110.900002,15
127.199989,15
-0.97113,15
-96.879204,15
-6.832251,15
-1.98396,15
111.99485,15
105.325333,15
28.188871,15
126.523346,15
7.68682,15
-80.752609,15
-61.388081,14
-74.144836,14
-87.75811,14
-80.273979,14
35.225174,14
-77.028336,14
0.75,14
-0.33333,14
-49.27346,14
114.494209,14
145.123657,14
-86.160202,14
-6.906748,14
-103.809662,14
-0.481315,14
9.652772,14
-78.899078,14
-73.65773,14
77.224121,14
6.72978,14
112.532784,14
6.466349,14
107.632027,14
-97.147041,14
-89.616486,14
11.423769,14
2.27752,14
103.716667,14
2.294532,14
-80.297356,14
-7.486573,13
4.63333,13
-80.083099,13
-56.168121,13
-96.804398,13
12.10359,13
5.96949,13
61.429722,13
48.400002,13
7.26608,13
7.07907,13
-0.71986,13
15.056128,13
-2.7804,13
3.058829,13
-2.88116,13
-79.837128,13
114.633331,13
-0.4137,13
73.400002,13
12.89026,13
15.61415,13
11.65101,13
-93.031929,13
9.935919,13
106.649895,13
113.033333,13
-0.76667,13
8.34851,13
-47.400909,13
6.78333,13
-83.747223,13
-80.053368,13
101.76667,13
116.292503,13
101.528053,13
-86.877434,13
-80.374802,13
-92.045235,13
-122.40081,13
-71.820145,12
8.29636,12
28.226997,12
11.569095,12
8.1,12
-80.346992,12
-82.458427,12
2.25,12
-118.491386,12
4.85973,12
5.3021,12
-97.003601,12
85.320625,12
5.73309,12
25.970695,12
13.509969,12
117.207893,12
32.510731,12
11.21433,12
151.099762,12
122.113678,12
34.98917,12
37.899841,12
122.204651,12
111.316673,12
113.816673,12
116.978851,12
15.64861,12
-122.27652,12
24.749994,12
112.37925,12
118.173515,12
-117.252502,12
-119.835388,12
28.856674,12
35.160259,12
-74.012184,12
11.338558,12
12.400026,11
-77.460541,11
2.202898,11
-117.082329,11
73.779999,11
126.83493,11
4.53472,11
14.250132,11
110.420258,11
106.818611,11
71.445976,11
9.93567,11
116.791672,11
15.646681,11
-104.969307,11
-119.814163,11
-84.470383,11
116.364319,11
116.072403,11
-96.731628,11
121.752518,11
-82.679359,11
17.670561,11
29.55986,11
-83.067764,11
10.328847,11
23.682091,11
101.666672,11
122.989998,11
-78.878677,11
-3.93682,11
-2.97794,11
114.065689,11
12.11227,11
-86.586098,11
-80.236389,11
26.213575,11
49.121784,11
117.022499,11
107.375275,11
76.793022,11
-104.791328,11
11.7701,11
-122.244858,11
2.384315,11
14.41972,11
116.9953,11
20.510933,11
-122.203918,11
-117.816177,11
21.227221,11
-0.877521,11
-79.505936,11
-83.22187,11
54.366669,11
-122.33326,11
8.13736,11
-105.212502,11
109.716667,11
49.345875,11
24.023239,10
-122.189568,10
14.523943,10
-82.797501,10
92.79248,10
8.918795,10
31.029112,10
-104.781059,10
-122.182579,10
-0.68759,10
33.09251,10
140.100311,10
-72.272346,10
3.877065,10
-3.91946,10
-6.81703,10
-8.644259,10
13.79754,10
4.71667,10
-114.085289,10
-120.310349,10
-74.669518,10
112.459717,10
49.11882,10
-71.259216,10
125.0,10
106.907135,10
-105.594482,10
100.974808,10
-49.253914,10
9.134422,10
-118.189316,10
-83.227531,10
6.764921,10
27.600119,10
144.942276,10
15.47735,10
9.918606,10
23.251961,10
-98.98333,10
35.195179,10
14.16033,10
-122.803711,10
-80.414093,10
4.14324,10
15.449907,10
120.21283,10
7.359528,10
-74.361977,10
-48.549171,10
15.39013,9
-77.361115,9
-2.7512,9
-80.207703,9
-95.433586,9
8.570921,9
-75.597496,9
-73.543121,9
115.701157,9
56.045403,9
-87.652069,9
8.99167,9
-34.86306,9
-113.468712,9
-79.414932,9
44.002048,9
-95.992783,9
1.394142,9
24.85878,9
16.51078,9
-96.890282,9
55.599998,9
-119.698311,9
4.67165,9
-2.26667,9
-123.086746,9
-87.898315,9
10.659409,9
1.09932,9
-73.966248,9
9.10256,9
8.618329,9
0.58333,9
10.25639,9
-0.366944,9
1.443844,9
122.008057,9
-94.670883,9
39.691357,9
11.329653,9
115.81636,9
48.468102,9
126.56028,9
-104.995598,9
12.112495,9
-104.960487,9
-79.980957,9
-3.83019,9
-1.67429,9
111.199997,9
109.48333,9
116.866669,9
-2.43333,9
30.445936,9
114.400436,9
116.58139,9
22.717791,9
-2.09064,9
0.01519,9
114.979271,9
-111.881721,9
106.816505,9
-5.372238,9
-111.695877,9
-38.621941,9
8.69674,9
-73.538246,9
103.834038,9
127.466667,9
-75.565109,9
-2.0,9
-1.32059,9
-123.035172,9
17.634527,9
-122.291954,9
-75.793671,9
-88.32019,8
-43.42889,8
8.70635,8
-97.046677,8
9.58485,8
-13.547766,8
-75.658257,8
-48.27792,8
10.61718,8
127.48333,8
3.086063,8
-0.01565,8
2.66667,8
55.449711,8
9.374761,8
-71.537735,8
112.190277,8
-116.203598,8
-77.632469,8
-35.209579,8
-71.802498,8
10.22727,8
48.040707,8
0.33333,8
-122.488182,8
22.268759,8
-121.302773,8
124.394722,8
113.900002,8
-63.572392,8
107.356003,8
10.882506,8
-1.08271,8
13.556564,8
7.8232,8
74.343559,8
-117.867828,8
-71.23333,8
-8.395956,8
-73.571136,8
10.19033,8
-0.74934,8
5.56749,8
-122.444443,8
73.043381,8
-0.60905,8
4.32501,8
-7.58333,8
-84.377632,8
-0.75583,8
4.31944,8
-57.599998,8
123.923332,8
11.96389,8
7.62434,8
107.62326,8
5.5184,8
6.90694,8
-119.772369,8
-93.567993,8
-72.823784,8
106.926666,8
-80.257988,8
135.768326,8
-81.34584,8
-78.471497,8
-87.982574,8
117.050659,8
5.73521,8
105.822998,8
115.96479,8
5.01656,8
-85.75943,8
7.94612,8
-1.61396,8
-75.710564,8
7.1113,8
106.050003,8
-1.15047,8
136.767029,8
-47.929688,8
-116.563461,8
-118.447594,8
33.76667,8
-74.655563,8
-87.216927,8
31.283382,7
129.213882,7
147.329407,7
8.6687,7
33.366673,7
-0.72571,7
114.833328,7
-2.91987,7
30.850731,7
112.630196,7
23.637079,7
34.650002,7
8.75,7
22.33333,7
-88.616669,7
28.763029,7
-87.923325,7
-123.052429,7
-118.123734,7
-106.651138,7
-105.08654,7
-0.33525,7
49.93195,7
127.150551,7
-111.157936,7
103.783333,7
21.88917,7
-56.05249,7
139.466904,7
-46.975281,7
114.030144,7
-89.866669,7
-118.35006,7
12.4,7
0.17021,7
-1.13029,7
151.127838,7
-80.511284,7
26.25,7
6.288529,7
57.49889,7
-64.181419,7
40.971142,7
-5.93333,7
38.045559,7
-75.563393,7
-1.8795,7
12.49118,7
0.2,7
5.24247,7
-96.538879,7
8.766379,7
10.88546,7
-96.803474,7
2.12868,7
6.37947,7
-60.639717,7
126.954414,7
5.090815,7
-89.411415,7
-73.949577,7
176.167038,7
12.07612,7
11.250106,7
-91.154671,7
28.48097,7
7.034065,7
-122.20211,7
-122.410446,7
109.749443,7
114.216667,7
-95.465271,7
2.95924,7
-76.136902,7
9.475479,7
6.82942,7
77.399971,7
-81.794807,7
6.172787,7
17.90033,7
9.38327,7
14.63333,7
47.890347,7
10.994763,7
-99.107239,7
-80.131561,7
-77.860191,7
51.522449,7
-75.550354,7
-95.824402,7
10.56155,7
4.18785,7
-84.29409,7
1.903912,7
98.98468,7
-0.56667,7
-112.017197,7
-110.926483,7
-85.667892,7
129.040283,7
-81.393143,7
14.23435,7
-79.249237,7
21.01749,7
-83.12027,7
-112.026154,7
-85.705307,7
-97.096962,7
-4.50156,7
56.285347,7
-82.325005,7
35.372219,7
-73.523331,7
4.61443,6
-0.1,6
-85.587227,6
-1.78116,6
-95.2948,6
8.279688,6
-72.928062,6
-73.984955,6
-71.052696,6
-94.799149,6
18.598141,6
39.18425,6
139.763321,6
-96.994171,6
14.40917,6
-114.014099,6
103.816025,6
13.38406,6
11.630042,6
5.080222,6
-79.666351,6
-114.065269,6
4.883683,6
6.63333,6
-78.898926,6
-77.386993,6
-80.366379,6
5.19861,6
21.433226,6
103.01667,6
10.83576,6
-157.859192,6
34.973888,6
8.024068,6
-73.95224,6
-123.024124,6
9.14641,6
3.04197,6
15.11787,6
27.450001,6
-71.412697,6
10.59723,6
-73.204826,6
135.800171,6
127.124634,6
105.573318,6
27.420942,6
-99.890007,6
76.333328,6
38.273899,6
117.8871,6
82.216667,6
-119.761917,6
-122.217659,6
110.603607,6
-96.823891,6
-95.39608,6
2.58116,6
-41.299862,6
-2.28741,6
8.59672,6
4.82643,6
21.80278,6
145.093185,6
-75.92688,6
6.476385,6
12.326336,6
15.58661,6
50.103424,6
98.398109,6
32.581768,6
-3.683866,6
5.30417,6
39.711872,6
44.514206,6
-96.700188,6
-115.118896,6
-86.526909,6
-86.802643,6
-38.543083,6
109.18335,6
14.31046,6
-121.37162,6
-80.477356,6
16.851179,6
106.88324,6
9.293238,6
23.765245,6
-75.595535,6
23.568081,6
-104.610451,6
-75.653954,6
-100.490135,6
12.49094,6
16.498791,6
39.783329,6
121.909111,6
53.370331,6
-3.94323,6
-2.59665,6
23.599871,6
52.538799,6
37.76722,6
76.552948,6
6.9504,6
100.273621,6
21.969391,6
4.99943,6
17.625319,6
109.508896,6
36.79882,6
115.347504,6
-8.611235,6
-70.700165,6
31.785061,6
-122.325996,6
-1.49768,6
-122.736443,6
135.382904,6
44.833527,6
108.702606,6
5.666279,6
4.11378,6
9.407454,6
1.29834,6
100.653969,6
-76.147423,6
121.143921,6
118.485558,6
8.933719,6
9.66905,6
-123.112984,6
-117.179619,6
-87.780899,6
13.41053,6
-73.689903,6
12.473113,6
-81.778969,6
-92.34288,6
-94.961029,6
-2.66667,6
-1.205039,6
-73.759026,5
-83.704872,5
9.052169,5
-71.096848,5
128.899994,5
-88.562927,5
-78.524948,5
33.41972,5
106.686111,5
-98.144264,5
-123.369705,5
-71.899078,5
121.469139,5
-79.949638,5
10.88333,5
-71.640488,5
6.585407,5
-2.635,5
-1.754,5
-73.564865,5
33.033245,5
6.828,5
110.342712,5
16.184641,5
12.643305,5
-92.289589,5
9.654844,5
-120.332588,5
-122.177078,5
-75.119621,5
-84.309944,5
-3.804549,5
10.925567,5
-87.628998,5
39.412682,5
-80.428894,5
-75.685837,5
-86.257187,5
-118.449738,5
15.26044,5
-82.510269,5
-99.301224,5
-74.51442,5
5.791875,5
-77.177483,5
52.812721,5
-86.483398,5
-73.373451,5
150.081436,5
44.801991,5
-3.77394,5
13.241912,5
21.78639,5
-0.40649,5
4.35556,5
-83.045753,5
7.425833,5
-83.081467,5
-71.19561,5
12.12273,5
28.18577,5
-77.615562,5
91.633331,5
-74.171837,5
107.472778,5
-99.667252,5
107.500923,5
15.087139,5
44.897381,5
-111.990997,5
-84.76757,5
115.005394,5
-84.336159,5
-111.619766,5
108.616669,5
109.099998,5
-81.878014,5
140.867126,5
-106.487045,5
35.187836,5
-74.229942,5
-80.333817,5
39.663628,5
1.15,5
8.3384,5
25.342491,5
-57.485802,5
117.618607,5
103.291924,5
-79.333099,5
-3.60714,5
-95.489639,5
-117.396156,5
6.73524,5
-73.997688,5
-5.4875,5
-96.615059,5
-77.306374,5
73.849998,5
-89.640663,5
77.099998,5
-95.386726,5
-112.191063,5
-111.855865,5
-8.58393,5
-97.765556,5
25.283331,5
-61.534859,5
10.51361,5
6.2175,5
-0.3023,5
4.84862,5
126.822365,5
-118.433456,5
27.46781,5
-122.036148,5
-74.110588,5
-79.480759,5
-122.256638,5
-100.928139,5
-2.666649,5
-120.659637,5
114.800003,5
4.867504,5
-71.722298,5
8.96961,5
49.650002,5
-80.361427,5
10.003548,5
7.15,5
-2.22001,5
-121.882942,5
11.02507,5
-121.953362,5
25.973372,5
6.55597,5
8.44907,5
8.73209,5
-96.892097,5
12.917068,5
-75.524406,5
-93.220276,5
-73.822845,5
23.783331,5
24.557644,5
106.682205,5
15.83271,5
9.25333,5
18.143368,5
9.95112,5
-81.233459,5
76.966576,5
-0.55893,5
-2.77348,5
-1.25596,5
-0.75565,5
-122.291405,5
10.216684,5
-79.519768,5
27.916691,5
7.48976,5
-69.988571,5
20.148239,5
106.316666,5
-117.137047,5
10.16582,5
4.348789,5
51.009838,5
100.549622,5
-100.316689,5
-117.914543,5
-79.386459,5
49.659595,5
-73.765999,5
-74.020416,5
12.55,5
-96.334557,5
-104.997101,5
6.44172,5
84.883331,5
117.936401,5
104.896332,5
113.5849,5
106.636963,5
104.623756,5
123.550629,5
6.29883,5
65.527206,5
119.009605,5
100.408783,5
-77.607857,5
-88.174507,5
44.501717,5
-66.105721,5
-117.863579,5
9.17582,5
101.58065,5
-2.4,5
-72.685303,5
2.13333,5
8.01667,4
7.866833,4
-1.76545,4
145.410202,4
103.850067,4
-2.35907,4
-3.52594,4
-79.297928,4
-74.911682,4
-84.2173,4
48.668453,4
2.600178,4
-97.741699,4
-80.14473,4
-87.928978,4
23.41667,4
-75.02346,4
-96.789803,4
115.865868,4
4.863457,4
-74.04789,4
-97.108063,4
5.1,4
-80.448677,4
-114.00441,4
2.23894,4
5.76677,4
-95.511299,4
10.45275,4
1.68651,4
-83.897247,4
-51.229687,4
-77.07637,4
-73.756187,4
5.428912,4
16.361629,4
105.983437,4
-1.40428,4
-77.687874,4
174.776047,4
11.55573,4
2.300276,4
-115.468376,4
-0.61905,4
-78.632301,4
2.017206,4
-73.617477,4
-79.507927,4
-71.363876,4
-100.438377,4
-2.05676,4
-77.410561,4
145.233337,4
-79.344238,4
0.90421,4
-92.420532,4
6.0625,4
-118.405518,4
-81.949532,4
-73.939804,4
76.916672,4
4.61313,4
-93.093269,4
-97.979591,4
100.645935,4
37.529839,4
24.116671,4
73.415543,4
14.91667,4
-1.78094,4
151.416672,4
-73.049149,4
-79.383904,4
116.996941,4
-0.580795,4
6.63874,4
140.650223,4
106.78981,4
-113.523933,4
-113.943893,4
-77.433182,4
-63.582207,4
-3.2,4
87.110146,4
35.304169,4
-110.966698,4
-2.20595,4
-15.413403,4
-2.614622,4
-6.29944,4
13.88157,4
-0.63292,4
11.36736,4
-4.72353,4
-112.034477,4
-122.569695,4
-97.847656,4
10.62192,4
-47.33139,4
112.20472,4
53.18,4
139.986938,4
34.799095,4
-123.114403,4
29.917011,4
103.529579,4
-93.622704,4
136.905518,4
-95.477882,4
-3.83333,4
-2.96667,4
14.10808,4
-111.962723,4
1.6172,4
11.62071,4
-97.61142,4
7.61667,4
-106.634521,4
-80.990051,4
-16.726,4
-71.759506,4
145.133636,4
30.110201,4
-96.948891,4
6.661934,4
-82.982887,4
-58.178394,4
6.08029,4
-5.95,4
-39.06472,4
-89.469841,4
-73.567368,4
-49.509998,4
-73.580704,4
-49.066193,4
-73.049591,4
24.015556,4
101.424141,4
6.01348,4
152.975174,4
-80.66983,4
-83.165459,4
-84.550186,4
-79.523315,4
7.995018,4
37.730759,4
153.430878,4
-118.805626,4
0.15431,4
-0.20256,4
-0.03345,4
-96.638878,4
59.983849,4
-83.632401,4
52.410477,4
1.43663,4
-3.711606,4
-79.52227,4
-1.46523,4
-60.025002,4
20.494087,4
13.76667,4
10.97512,4
2.82465,4
32.323872,4
8.720989,4
-68.827087,4
59.606331,4
-3.2041,4
-83.114128,4
-122.43148,4
-87.48127,4
55.26667,4
7.771339,4
13.48855,4
11.43151,4
-2.89189,4
100.183327,4
-118.144302,4
-0.02085,4
101.654999,4
101.691116,4
-1.04196,4
98.453613,4
86.083115,4
-87.86071,4
-1.42522,4
20.783215,4
12.62194,4
9.36086,4
12.27343,4
9.355921,4
-75.605438,4
7.4514,4
5.324041,4
2.562761,4
18.233269,4
9.686889,4
12.081742,4
9.610597,4
110.333305,4
-0.47961,4
7.278703,4
11.34416,4
14.210287,4
-77.02655,4
17.083261,4
11.39454,4
10.81702,4
-110.949837,4
117.360832,4
38.491661,4
-66.665962,4
102.26342,4
-74.481537,4
-72.075958,4
-1.09275,4
25.468292,4
13.359668,4
20.633329,4
-65.222664,4
-3.66836,4
108.556999,4
35.52861,4
100.884087,4
46.291901,4
151.138245,4
-73.127113,4
-82.822975,4
-91.540504,4
114.683327,4
-85.925201,4
-0.40443,4
-73.624763,4
-97.678711,4
-122.289062,4
37.611111,4
7.166568,4
47.978329,4
-73.743324,4
35.712379,4
-8.723284,4
6.80487,4
-2.85,4
-80.936119,4
-75.025726,4
21.316652,4
8.21425,4
13.29168,4
-104.847702,4
24.76232,4
11.86267,4
-91.585022,4
-121.874916,4
10.87226,4
-83.022964,3
-83.475487,3
4.54444,3
-7.39442,3
21.99901,3
-74.323875,3
-95.456017,3
2.92185,3
-8.419867,3
-112.818535,3
-71.086304,3
76.940315,3
37.122219,3
-80.549507,3
-91.872559,3
116.116669,3
-81.226517,3
-106.483192,3
50.876328,3
-6.580458,3
-73.610123,3
-76.494522,3
2.28705,3
74.866661,3
31.460039,3
-88.19706,3
56.28043,3
36.201061,3
-88.415382,3
23.27165,3
69.381668,3
-98.23333,3
-74.977219,3
108.32,3
0.55292,3
6.20139,3
131.722778,3
39.75629,3
37.46402,3
34.110924,3
6.09133,3
25.82111,3
-2.12296,3
1.49129,3
-70.934174,3
-71.12925,3
-96.263885,3
-85.308212,3
-121.955925,3
4.38889,3
22.290159,3
-98.489349,3
0.06094,3
-122.168358,3
-82.403755,3
6.54565,3
7.28559,3
-95.092224,3
24.683331,3
58.566849,3
4.989322,3
-1.2,3
23.316755,3
39.947659,3
-87.906471,3
-117.30088,3
108.48333,3
30.86071,3
-121.46273,3
-122.193604,3
-84.530823,3
9.20461,3
9.849977,3
-94.157173,3
-85.59375,3
-74.005722,3
38.896145,3
-88.019913,3
-94.513489,3
-119.984352,3
-2.57698,3
-104.821358,3
-4.23333,3
-101.831299,3
0.083332,3
-5.35257,3
100.514137,3
-122.312241,3
-76.492302,3
8.48333,3
147.327866,3
31.999842,3
10.3625,3
-115.060211,3
-111.82933,3
-80.214012,3
-70.879997,3
-97.81488,3
34.858028,3
102.099998,3
-97.700218,3
-122.900772,3
110.449997,3
-78.726181,3
-72.683899,3
-80.270226,3
-83.920738,3
-79.62487,3
-73.740852,3
12.42111,3
-8.008339,3
-122.661453,3
-76.275078,3
-79.44545,3
14.76599,3
104.316666,3
124.368607,3
111.738609,3
11.00925,3
15.20057,3
110.285187,3
-111.924088,3
115.770279,3
129.507782,3
121.14167,3
13.441549,3
110.478287,3
5.869449,3
-4.01,3
114.192497,3
31.210789,3
122.050003,3
44.049999,3
-70.949333,3
41.400002,3
-88.842651,3
35.94503,3
-84.263947,3
-118.542587,3
103.493637,3
-5.566903,3
-121.80217,3
129.599976,3
-79.234047,3
108.441933,3
3.395816,3
-90.184807,3
-74.293816,3
-103.333733,3
120.970596,3
21.407801,3
-85.145493,3
-72.9869,3
6.84352,3
-106.631943,3
-95.931938,3
-81.273117,3
-118.26059,3
8.66667,3
8.28332,3
7.78293,3
-74.90049,3
-93.736053,3
-117.429077,3
-83.93409,3
45.004761,3
-90.626511,3
-75.91613,3
-73.692001,3
73.105553,3
8.619779,3
7.60031,3
123.967216,3
10.22904,3
94.746391,3
-74.043625,3
15.31486,3
-102.865761,3
130.733246,3
132.455429,3
80.550003,3
76.28019,3
85.833328,3
123.764999,3
125.933334,3
112.683334,3
77.683327,3
81.633331,3
91.750877,3
49.583504,3
32.259701,3
72.834488,3
12.01667,3
8.14724,3
22.883329,3
9.27761,3
10.918579,3
7.64126,3
37.893871,3
80.916672,3
75.533333,3
91.099998,3
88.369598,3
8.39194,3
-0.44096,3
9.439842,3
8.821617,3
20.259655,3
6.76667,3
-2.09814,3
-1.80506,3
-1.47663,3
9.70216,3
11.00985,3
-4.011955,3
9.1018,3
6.68504,3
-1.26417,3
121.041046,3
-78.825417,3
-75.237572,3
-1.5719,3
6.2,3
3.1742,3
-121.568283,3
-82.140091,3
-117.999443,3
3.264936,3
-80.920906,3
145.116669,3
8.97429,3
-122.585892,3
-84.514381,3
8.73516,3
38.7603,3
6.116485,3
15.87083,3
8.740207,3
5.7834,3
7.715191,3
111.547775,3
-7.111988,3
-81.518723,3
-79.142212,3
-2.83333,3
-104.831856,3
12.96073,3
14.328002,3
-81.442062,3
-73.518059,3
-1.2437,3
-79.331856,3
-46.333282,3
6.93032,3
10.378317,3
9.061462,3
8.80777,3
-46.712906,3
7.52787,3
-72.575539,3
90.40583,3
12.69437,3
47.93298,3
28.049999,3
100.514771,3
23.133333,3
-85.56002,3
-118.116501,3
7.15128,3
6.86667,3
-56.096668,3
10.21667,3
-77.380173,3
-82.218735,3
15.07833,3
100.300003,3
8.960003,3
30.520775,3
19.444771,3
-122.868256,3
73.082542,3
-123.089218,3
21.166668,3
-9.536573,3
-122.601913,3
-83.016144,3
-51.179451,3
5.43194,3
-48.504551,3
24.866999,3
-71.627373,3
-90.513344,3
9.61195,3
-44.884232,3
-123.069374,3
14.57083,3
-53.806938,3
8.07292,3
138.382996,3
21.678467,3
17.78549,3
8.631178,3
-99.866669,3
-8.296022,3
-115.114899,3
6.15492,3
-116.374481,3
-0.41819,3
80.349998,3
12.05056,3
13.23432,3
-5.81369,3
-79.249603,3
13.41779,3
-83.009651,3
9.80737,3
7.79403,3
137.033325,3
134.049438,3
-80.14782,3
100.117416,3
80.742599,3
14.52197,3
-1.643426,3
80.362297,3
83.622078,3
18.85,3
-75.689079,3
4.444489,3
1.52109,3
-0.94401,3
-43.937725,3
24.864719,3
19.82869,3
-119.278084,3
-79.788101,3
-95.444283,3
-87.021957,3
-77.944824,3
-121.315308,3
-97.911392,3
-111.834389,3
20.62792,3
74.883331,3
19.70615,3
-106.956184,3
5.176179,3
-0.595696,3
-122.816383,3
-78.04583,3
5.28694,3
-3.0176,3
129.038467,3
28.05891,3
5.715711,3
-0.0177,3
175.283325,3
-97.762543,3
12.73607,3
-81.840027,3
-2.12564,3
8.42497,3
-4.76667,3
-123.097221,3
-1.51217,3
16.3092,3
174.751236,3
-90.697189,3
-3.23399,3
-47.890697,3
4.26583,3
-82.394135,3
45.86264,3
33.240181,3
9.09445,3
4.60278,3
102.599174,3
-74.098183,3
-80.545486,3
9.96667,3
11.93811,3
12.488315,3
10.5511,3
100.533478,3
14.21478,3
-59.132977,3
-3.62579,3
23.029671,3
1.64904,3
13.69047,3
-16.52309,3
36.579723,3
119.522675,3
15.9127,3
0.59759,3
0.1,3
-6.9063,3
-117.000168,3
0.51667,3
5.07083,3
25.970369,3
53.397255,3
146.0,3
18.08778,3
2.36667,3
-2.925366,3
-5.65,3
21.409809,3
117.483063,3
55.434883,3
12.22556,3
17.149719,3
18.15292,3
-2.12139,3
-74.182365,3
-119.545105,3
-83.377991,3
-122.022743,3
-84.97023,3
-86.875732,3
-97.828087,3
72.978889,3
-79.437248,3
32.52417,3
9.53297,3
100.51667,3
2.34486,3
120.562759,3
11.98054,3
-0.75054,3
145.035446,3
13.55978,3
-47.390282,3
49.891933,3
12.11088,3
17.971085,3
23.01967,3
-121.345398,3
-118.122849,3
121.064972,3
-82.411484,3
-3.684532,3
4.9378,3
-79.894661,3
-99.537216,3
-73.833282,3
23.149858,3
-82.71962,3
25.720387,3
-73.518967,3
-72.789818,3
111.026901,3
114.035362,3
6.33499,3
-97.320847,3
-80.06044,3
-79.950813,3
18.356285,3
3.83194,3
8.54761,3
16.76667,3
8.306505,3
127.166664,3
-90.37587,3
4.67361,3
-81.362488,3
2.65,3
17.98908,3
74.363297,3
-122.293015,3
14.258634,3
-75.681107,3
-76.952827,3
51.33794,3
-84.003418,3
15.9,3
11.35459,3
-86.459702,3
-119.137192,3
-84.105125,3
10.929581,3
34.808296,3
17.80806,3
23.910589,3
-73.692169,3
-77.28804,3
37.615559,3
-96.820503,3
-82.599327,3
-123.262039,3
17.657499,3
-122.2043,3
72.849998,3
4.750299,3
127.110802,3
2.288671,3
11.49033,3
11.87015,3
-80.124352,3
5.268,3
150.893341,3
-84.508553,3
8.82417,3
9.091682,3
-122.286118,3
-22.56242,3
-119.817146,3
11.387706,3
-122.315132,3
-74.049881,3
-87.346428,2
-7.8411,2
-79.05584,2
39.225559,2
-3.12102,2
-80.582748,2
53.683514,2
-75.749191,2
17.768841,2
-92.445541,2
-118.54657,2
-87.908386,2
-93.455513,2
16.182707,2
-88.231461,2
12.24206,2
14.51759,2
-92.442169,2
-84.361588,2
-83.278793,2
-121.465874,2
-83.690109,2
-122.470871,2
16.837061,2
-88.748909,2
-90.323792,2
-76.635361,2
-118.343033,2
-122.186333,2
1.35509,2
-117.289772,2
-92.454643,2
-85.41777,2
-84.19165,2
-97.708694,2
-97.672066,2
-6.40747,2
-4.26667,2
-97.797333,2
-117.917702,2
-8.93906,2
-80.949722,2
-74.01992,2
-93.14724,2
-68.777809,2
-99.32399,2
-78.614166,2
-89.589111,2
-82.941299,2
-102.207787,2
-71.292717,2
-122.518463,2
-67.500023,2
8.01917,2
-82.012093,2
-114.622559,2
-120.472,2
-6.96667,2
21.572306,2
14.471805,2
-77.160004,2
-121.248062,2
-79.040627,2
-76.727211,2
-80.415947,2
-96.670624,2
-82.017014,2
-87.176147,2
-87.556717,2
10.13197,2
-76.455231,2
-118.282013,2
-90.049019,2
52.2295,2
95.322197,2
120.573837,2
-104.820114,2
-79.436432,2
16.8417,2
-80.313301,2
-84.555527,2
-76.859108,2
-1.98333,2
-122.031067,2
-81.772842,2
-82.715118,2
-99.408661,2
-82.942657,2
13.7334,2
28.2225,2
-106.758385,2
118.117897,2
-0.183974,2
-81.208122,2
-117.865532,2
-73.9048,2
-98.336403,2
-71.018333,2
-85.737869,2
-83.062408,2
-92.31752,2
-119.018707,2
-115.049698,2
-117.950829,2
-122.346786,2
35.094028,2
-50.083328,2
8.78967,2
13.780119,2
105.566673,2
-88.081718,2
-105.08429,2
13.81531,2
-79.93103,2
-81.268433,2
-80.08506,2
-149.481934,2
-88.967644,2
-104.861069,2
-111.038727,2
-80.588661,2
-85.977295,2
10.65771,2
17.011311,2
15.717899,2
4.7,2
-85.845978,2
21.716272,2
-97.727814,2
109.783333,2
-89.553741,2
-113.085472,2
-91.637405,2
-81.030182,2
-96.890121,2
50.0798,2
40.396469,2
13.21111,2
105.966667,2
-78.079308,2
-95.601067,2
-101.513222,2
-96.896118,2
-108.550652,2
-84.345322,2
97.361504,2
-104.902641,2
-122.129219,2
-82.753502,2
-81.689827,2
-91.235138,2
-87.753937,2
-87.818977,2
-83.744362,2
15.61667,2
101.613808,2
15.8,2
33.469799,2
-72.333328,2
56.951649,2
-107.831459,2
-105.2211,2
-71.449661,2
-70.255333,2
-89.13533,2
-109.912529,2
15.95,2
11.17404,2
10.01891,2
14.85444,2
74.816696,2
-111.57431,2
-117.589737,2
-111.971046,2
-114.16317,2
-97.903084,2
-85.230431,2
-98.551689,2
-76.743179,2
-81.341187,2
-122.477768,2
-123.088028,2
34.37167,2
-94.180328,2
-118.597549,2
-86.908104,2
-113.584862,2
16.0951,2
-43.505169,2
172.516663,2
32.062069,2
-2.94611,2
105.416374,2
77.31662,2
-77.077431,2
-3.46667,2
-1.58195,2
1.494,2
140.067017,2
149.716675,2
11.96405,2
-77.54425,2
-96.708504,2
-122.032486,2
21.62694,2
30.368122,2
153.204041,2
-55.7584,2
102.231773,2
-8.470567,2
-101.26667,2
7.34453,2
26.832775,2
-99.951942,2
-49.006939,2
-73.865898,2
-75.076012,2
-118.396553,2
144.360809,2
145.616669,2
150.705521,2
-56.252777,2
150.635666,2
85.116684,2
22.37944,2
-98.433327,2
-107.389717,2
23.071289,2
-109.697708,2
-49.0,2
22.60955,2
-73.596153,2
-72.549065,2
-40.292782,2
-42.112782,2
-53.45528,2
-35.735336,2
11.89472,2
-75.890617,2
47.477551,2
16.51667,2
14.032281,2
-101.000252,2
-68.526764,2
-2.58528,2
9.00364,2
29.225361,2
12.74548,2
13.1,2
-79.900002,2
30.552219,2
15.78278,2
-59.64566,2
25.066669,2
8.62657,2
7.240523,2
-1.97499,2
-119.451721,2
14.26175,2
-76.491997,2
9.65558,2
-117.890343,2
-79.127052,2
-42.590279,2
-123.936081,2
-42.537067,2
-92.748604,2
-86.118042,2
-93.745247,2
-61.416672,2
89.641907,2
-44.60833,2
102.255814,2
100.816673,2
-78.983307,2
28.649458,2
21.614857,2
-122.952637,2
24.47139,2
-52.849998,2
-79.387695,2
-83.629669,2
-98.163521,2
5.18333,2
151.776535,2
26.23333,2
11.159027,2
-110.766418,2
36.52618,2
-73.932541,2
-69.273941,2
27.72846,2
-59.789532,2
7.693383,2
48.73,2
-79.806076,2
-35.478889,2
-73.626984,2
-80.978119,2
-48.360481,2
-46.538231,2
-57.948399,2
-52.709309,2
-113.527725,2
105.783356,2
37.75367,2
5.225886,2
8.59406,2
23.883329,2
47.251942,2
-77.281357,2
8.47204,2
-2.91667,2
37.429691,2
-113.802109,2
-70.500282,2
35.494419,2
35.566456,2
-123.125877,2
-79.388855,2
-45.452782,2
-71.200256,2
24.616671,2
48.293144,2
-36.660728,2
23.6,2
-117.433266,2
71.916672,2
100.734329,2
-122.785896,2
-37.274441,2
-34.855282,2
37.18111,2
-3.78997,2
10.691556,2
-75.459641,2
-121.290749,2
83.763611,2
102.101959,2
4.6289,2
115.073914,2
-4.08292,2
128.173065,2
38.77837,2
72.849831,2
-79.439003,2
142.733658,2
-94.57267,2
135.829163,2
16.21229,2
2.23537,2
108.180496,2
23.218321,2
101.082954,2
37.38253,2
147.134384,2
18.091021,2
8.049443,2
130.350006,2
-41.944962,2
-79.426735,2
17.05921,2
-79.881599,2
40.694649,2
5.161064,2
-48.953281,2
152.985764,2
-0.511914,2
-64.801857,2
-70.573608,2
36.610062,2
14.42127,2
22.6425,2
4.701327,2
52.570702,2
-16.9,2
105.633331,2
13.39954,2
-9.3643,2
-97.132492,2
-1.48333,2
47.502438,2
-1.95,2
-0.57427,2
128.733337,2
-78.849419,2
-100.299995,2
43.26091,2
-47.64917,2
11.35382,2
-82.817619,2
-79.595833,2
130.358063,2
120.076759,2
135.19577,2
126.784721,2
127.257301,2
-7.93083,2
37.841515,2
-0.79219,2
2.01108,2
-3.28333,2
-1.79806,2
-3.11437,2
24.66781,2
10.01177,2
6.931,2
24.88361,2
115.650581,2
101.960327,2
114.23333,2
105.68972,2
105.062157,2
-1.58333,2
33.115971,2
0.26376,2
5.75128,2
8.62852,2
-88.246277,2
27.27227,2
22.9,2
30.19978,2
-92.10714,2
-78.653122,2
37.35495,2
6.35542,2
102.541969,2
106.76944,2
73.383331,2
14.35,2
14.03445,2
1.55086,2
-103.851089,2
16.524611,2
19.35515,2
-43.846668,2
28.349449,2
-45.887009,2
18.001247,2
-5.84476,2
36.733448,2
-82.558678,2
-85.701233,2
-96.710716,2
118.3125,2
-5.5172,2
34.791302,2
46.033249,2
-123.32859,2
14.80905,2
23.800032,2
-73.62664,2
115.89447,2
12.60722,2
110.149765,2
-123.923759,2
104.833336,2
115.215965,2
9.00862,2
42.845879,2
-54.616699,2
-81.188057,2
41.046108,2
36.982449,2
16.6,2
-77.915619,2
11.70463,2
2.632437,2
110.066597,2
14.10694,2
2.72659,2
51.677608,2
-86.32338,2
-88.07972,2
-88.075699,2
-97.715271,2
121.65889,2
136.582993,2
32.484638,2
143.849457,2
-79.523216,2
6.29297,2
-2.98658,2
3.32058,2
11.01526,2
13.529632,2
40.543301,2
35.893421,2
5.35575,2
7.11667,2
8.53333,2
11.68512,2
8.79885,2
14.98853,2
-1.24375,2
-2.70483,2
0.46958,2
-0.61821,2
-4.62643,2
-3.57722,2
-2.75433,2
1.07992,2
-3.66377,2
6.138892,2
-122.406853,2
-75.53109,2
-96.829185,2
-104.861229,2
-93.181198,2
-77.795273,2
-73.798981,2
11.45032,2
12.98114,2
-2.61303,2
-4.03333,2
126.58194,2
0.15,2
-3.01667,2
-2.06144,2
-0.27762,2
21.633329,2
6.10278,2
101.21463,2
32.617802,2
15.772466,2
11.47071,2
9.79562,2
9.2795,2
-0.10313,2
8.75713,2
2.82594,2
-157.973328,2
-95.129318,2
3.0,2
0.0445,2
33.34864,2
10.60642,2
11.29533,2
7.16809,2
0.95866,2
-0.02438,2
-4.1595,2
-3.5159,2
9.25125,2
1.76667,2
3.53333,2
-0.19175,2
-2.3243,2
5.08032,2
2.36073,2
4.441768,2
119.422234,2
40.926861,2
47.771801,2
7.53687,2
2.300296,2
8.74227,2
7.96667,2
27.442301,2
49.495281,2
-99.140495,2
-85.34845,2
11.53238,2
11.17463,2
8.47315,2
8.15033,2
19.354731,2
5.675,2
90.718063,2
8.59343,2
-158.022156,2
-78.850235,2
9.8592,2
-80.725914,2
8.86065,2
13.0818,2
91.429092,2
6.63915,2
13.586957,2
8.6658,2
9.4385,2
34.772221,2
27.616671,2
27.677031,2
-99.999886,2
11.50483,2
120.448524,2
13.073242,2
-3.7,2
15.43714,2
13.192625,2
121.603851,2
120.310562,2
-87.625397,2
12.85,2
12.389347,2
12.29971,2
12.77377,2
-0.98623,2
20.63496,2
13.39963,2
-4.019241,2
25.553364,2
15.616713,2
15.549853,2
-6.97085,2
14.30214,2
31.508909,2
-3.166605,2
-86.647636,2
-74.013367,2
-111.887444,2
2.65024,2
-4.83076,2
12.45312,2
-8.59174,2
35.1068,2
37.291939,2
100.05217,2
4.25,2
-84.269638,2
18.74148,2
-121.740395,2
-15.427961,2
1.30362,2
12.90395,2
-78.833618,2
-97.871529,2
-118.926483,2
-78.719887,2
-122.989777,2
-88.082573,2
-84.159378,2
-95.59668,2
21.783674,2
10.204103,2
16.57494,2
37.20602,2
4.27557,2
41.9734,2
-97.146782,2
-74.2108,2
-149.890411,2
-93.455788,2
-77.428505,2
-98.556435,2
30.27388,2
-111.970406,2
-80.842949,2
-121.97802,2
-88.243523,2
-74.077766,2
-80.608192,2
-117.230682,2
-117.900146,2
-86.473602,2
-121.225128,2
110.328888,2
137.332993,2
11.95187,2
-101.184441,2
-93.63694,2
16.19347,2
11.32578,2
79.0998,2
151.183334,2
-2.98333,2
-104.981453,2
-86.811501,2
117.0,2
124.650002,2
22.510201,2
96.156006,2
-92.997162,2
-2.449993,2
-97.935966,2
-111.693138,2
-78.737823,2
22.51667,2
36.275421,2
-96.133331,2
107.599998,2
91.83168,2
-111.694801,2
-91.530167,2
-82.326759,2
11.113283,2
6.6581,2
-92.469902,2
-85.076546,2
-83.791313,2
-97.248589,2
-118.13266,2
-94.626808,2
-111.82122,2
-121.906631,2
-76.305511,2
15.673,2
18.1616,2
13.856033,2
55.518021,2
55.099358,2
-101.855247,2
-75.662392,2
-92.106583,2
-157.852859,2
-84.856056,2
78.350891,2
-120.482941,2
-90.675453,2
-105.104561,2
-120.846268,2
102.866669,2
55.815128,2
4.04966,2
-0.35912,2
-83.075157,2
-122.558159,2
-80.005272,2
12.86432,2
126.717606,2
8.78485,2
-81.94986,2
-122.71434,2
-87.686119,2
-65.906281,2
-4.25892,2
10.35193,2
25.433331,2
-79.8946,2
11.0,2
26.066669,2
27.566801,2
-74.796501,2
33.241058,2
34.16148,2
-89.953026,2
-78.864197,2
-85.2528,2
-90.320946,2
-93.226303,2
-0.59541,2
38.746891,2
16.433889,2
75.212402,2
-83.043861,2
5.37884,2
7.17606,2
2.8664,2
-122.087845,2
-79.235329,2
-82.400879,2
-79.902519,2
-93.166992,2
-94.165565,2
37.523369,2
6.46691,2
5.80799,2
107.483002,2
5.98056,2
25.641939,2
-112.031029,2
-106.643066,2
-95.095055,2
-3.42793,2
13.31783,2
9.18742,2
8.576693,2
-111.300842,2
-93.596977,2
-82.982399,2
-111.973808,2
9.46867,2
137.725708,2
14.63971,2
151.083328,2
5.9826,2
-5.8058,2
17.940001,2
-1.13169,2
21.458401,2
10.96667,2
6.32363,2
8.66049,2
76.573807,2
77.816673,2
77.433327,2
90.27182,2
127.678848,2
130.300003,2
11.57684,2
11.7376,2
8.754467,2
7.44055,2
23.466669,2
101.696121,2
70.066673,2
-4.14305,2
78.016174,2
11.49465,2
12.55746,2
-6.88333,2
-2.20472,2
-0.01193,2
6.8007,2
7.013649,2
6.55671,2
-0.95032,2
-0.22419,2
-1.35678,2
-0.55239,2
-104.66687,2
153.032486,2
4.88333,2
19.87916,2
71.449287,2
5.60556,2
37.866669,2
8.90068,2
7.52351,2
8.81757,2
4.00959,2
23.546021,2
8.618712,2
2.80907,2
59.047218,2
8.516551,2
135.568909,2
101.443497,2
-6.41087,2
-0.2974,2
-0.43173,2
4.95,2
6.85,2
7.08568,2
8.098546,2
7.63834,2
11.18837,2
8.69087,2
2.10009,2
1.45607,2
-74.825729,2
-76.604546,2
-5.08186,2
41.43401,2
18.683889,2
24.35,2
-7.76667,2
2.74804,2
-0.6219,2
2.41253,2
1.376126,2
-2.38344,2
103.666466,2
74.590027,2
9.37869,2
136.649826,2
17.39312,2
16.16169,2
8.46358,2
-2.79902,2
1.67259,2
8.85747,2
7.59898,2
-0.45999,2
2.895488,2
48.806759,2
-97.166756,2
2.489615,2
13.68699,2
22.509171,2
4.959739,2
19.493349,2
9.81113,2
24.149927,2
7.2151,2
7.416488,2
12.06667,2
-7.816882,2
8.898746,2
22.767281,2
25.908583,2
34.962212,2
40.521938,2
6.75154,2
57.207016,2
4.70833,2
143.966675,2
10.954048,2
109.145622,2
11.02539,2
10.38333,2
31.36812,2
91.6875,2
29.428329,2
-5.547133,2
9.05222,2
8.72211,2
4.797103,2
30.54517,2
-81.827759,2
-122.52124,2
-119.177094,2
-79.891708,2
-118.243568,2
5.366667,2
-122.021942,2
-75.199844,1
12.50367,1
-74.003639,1
-97.386299,1
-77.087776,1
21.94528,1
-78.917694,1
-73.539352,1
-117.435051,1
-86.238647,1
-100.816467,1
19.836941,1
20.917013,1
-97.778091,1
4.47762,1
-73.093239,1
-71.892509,1
-83.966019,1
13.85636,1
26.18556,1
11.21716,1
73.302551,1
11.68104,1
8.60272,1
7.10529,1
10.45788,1
28.27417,1
-82.348671,1
-87.602676,1
-75.649628,1
-117.347397,1
15.2066,1
62.544201,1
114.068298,1
44.255829,1
-22.01667,1
17.91028,1
100.997581,1
100.5951,1
-105.23333,1
39.301109,1
-7.12153,1
-2.535275,1
26.996531,1
-9.13839,1
-107.916672,1
-82.383644,1
50.836571,1
-105.333328,1
-7.61199,1
10.53661,1
104.633331,1
-55.89608,1
10.55654,1
10.6007,1
9.0662,1
10.63333,1
9.385,1
9.27557,1
15.0499,1
101.095322,1
25.62904,1
100.777763,1
73.949997,1
-68.404312,1
-79.616669,1
29.431114,1
122.432198,1
14.5029,1
57.471848,1
9.57042,1
10.78901,1
9.55612,1
7.43333,1
27.92889,1
105.900093,1
21.55578,1
23.616671,1
60.643002,1
100.513252,1
38.120155,1
8.69491,1
5.16,1
35.367531,1
44.439159,1
116.156502,1
13.20271,1
-77.076637,1
56.107727,1
19.91972,1
21.734526,1
73.067924,1
21.66667,1
11.12839,1
-63.166862,1
21.511248,1
11.79011,1
16.17222,1
36.078133,1
14.49357,1
4.14085,1
-0.01667,1
3.96898,1
-1.87162,1
-0.63381,1
3.47583,1
-1.74799,1
37.55629,1
22.924999,1
29.030001,1
-72.600227,1
21.466669,1
121.050003,1
-9.38112,1
10.01534,1
8.70238,1
-8.90124,1
28.676746,1
18.56003,1
37.217781,1
12.36381,1
1.69582,1
43.880562,1
-64.525146,1
16.467381,1
9.03952,1
9.193632,1
6.96514,1
4.68764,1
47.76667,1
4.90003,1
6.99911,1
12.19918,1
11.03996,1
8.21667,1
1.36667,1
3.69171,1
7.17699,1
5.06667,1
2.45015,1
6.11976,1
8.21362,1
7.62571,1
6.77616,1
6.95,1
11.41171,1
9.6627,1
11.02346,1
6.91649,1
0.00963,1
-6.37344,1
4.98333,1
2.78186,1
7.83,1
6.05,1
100.137169,1
14.5135,1
6.561807,1
-0.69926,1
18.092409,1
5.58472,1
60.684761,1
8.49397,1
4.41656,1
-6.14139,1
6.5403,1
44.206566,1
125.688004,1
107.080124,1
47.653599,1
9.98822,1
35.463058,1
20.00528,1
-69.256813,1
24.566669,1
91.410004,1
7.66561,1
0.47339,1
2.73594,1
0.53267,1
-4.6895,1
-0.26519,1
2.7539,1
1.00288,1
2.71667,1
4.74703,1
1.71957,1
3.3964,1
2.17808,1
7.76257,1
8.52316,1
8.83227,1
8.24979,1
10.86922,1
4.4,1
-6.59361,1
-1.18651,1
3.38793,1
2.58789,1
4.916535,1
3.149528,1
102.288017,1
110.806107,1
114.009102,1
-66.850906,1
18.7642,1
8.79081,1
8.76966,1
31.037621,1
-71.419647,1
-1.35,1
-4.24687,1
-100.849998,1
37.559719,1
57.85479,1
35.492222,1
102.56675,1
52.802578,1
76.630989,1
20.387079,1
46.3587,1
13.27368,1
6.84715,1
9.0,1
10.248848,1
8.03181,1
73.98333,1
78.179169,1
10.18333,1
9.0414,1
8.538758,1
7.49642,1
-3.27155,1
-2.9382,1
-3.03631,1
-5.13317,1
6.8275,1
10.02537,1
6.96667,1
-2.1183,1
-0.24777,1
-0.76389,1
36.98333,1
77.699997,1
76.033333,1
80.050003,1
82.933327,1
74.5,1
72.79998,1
-1.5782,1
-5.56614,1
-2.56162,1
-6.46667,1
0.68871,1
-1.29124,1
0.31667,1
79.133331,1
78.166618,1
80.616669,1
75.75,1
74.144524,1
124.433998,1
17.513849,1
-58.984276,1
4.53461,1
14.74155,1
107.834999,1
168.350006,1
4.16519,1
35.833061,1
106.0158,1
20.549999,1
175.3302,1
15.39333,1
12.61656,1
9.085131,1
8.400298,1
10.011259,1
87.0,1
72.75,1
83.0,1
76.260223,1
80.284286,1
72.116669,1
132.899994,1
140.048828,1
137.949997,1
139.75,1
6.4473,1
77.133331,1
134.700104,1
128.468216,1
129.316422,1
127.047081,1
127.003914,1
11.11816,1
28.287106,1
36.291199,1
15.79558,1
38.801811,1
23.26667,1
-7.9,1
104.033333,1
24.383329,1
106.013153,1
103.900002,1
4.93964,1
39.888386,1
108.0,1
10.05,1
-83.397713,1
-83.128517,1
108.800011,1
9.90934,1
8.7959,1
10.0933,1
-74.356758,1
-76.995766,1
-72.594849,1
-80.102402,1
6.28333,1
133.088333,1
10.3632,1
11.578399,1
17.24317,1
-2.84363,1
-2.95156,1
-81.669861,1
-88.29425,1
107.217003,1
107.182999,1
105.149948,1
30.637159,1
5.67684,1
-70.603607,1
55.900002,1
39.106899,1
-93.51667,1
3.081,1
65.393608,1
76.113602,1
26.66667,1
-96.886391,1
36.187092,1
-73.979874,1
-86.36396,1
-94.829506,1
34.570198,1
-80.559906,1
-81.187309,1
-83.629433,1
8.91832,1
-84.257103,1
8.64441,1
-73.97422,1
-83.714409,1
-6.23298,1
-117.907562,1
-73.454163,1
-73.912445,1
-80.153236,1
-86.127487,1
-8.6199,1
145.134201,1
73.808983,1
5.98194,1
24.500261,1
5.04306,1
-67.139618,1
21.258217,1
-92.780899,1
-70.873672,1
-85.423866,1
16.158489,1
6.01389,1
71.76722,1
20.696899,1
12.9389,1
41.0261,1
17.749571,1
-102.26667,1
4.688763,1
44.010899,1
-97.497467,1
-122.50898,1
-83.651344,1
68.373589,1
58.891441,1
14.24976,1
-74.578331,1
20.40111,1
-88.308662,1
-120.436829,1
27.66667,1
-80.415993,1
-85.139252,1
-98.433647,1
-71.001961,1
3.0237,1
-63.349998,1
-107.8629,1
-80.538399,1
10.42766,1
-79.807091,1
-102.269363,1
-122.803474,1
-77.661102,1
-55.839539,1
3.08213,1
68.857384,1
23.9,1
44.62656,1
38.230282,1
50.527199,1
60.653332,1
-55.166821,1
68.26667,1
-8.99038,1
-73.979469,1
-83.486877,1
-114.16037,1
8.55715,1
30.346334,1
8.42446,1
-83.475815,1
-76.147697,1
-122.840103,1
-97.139946,1
-73.625908,1
-94.819435,1
-81.651886,1
-118.09346,1
14.07392,1
2.256513,1
-76.18013,1
-82.607788,1
-83.177971,1
-77.044151,1
4.65556,1
13.82906,1
18.191959,1
4.31667,1
13.27131,1
-0.14334,1
31.163891,1
-66.853645,1
53.23333,1
16.67247,1
8.32167,1
-76.220482,1
-157.803131,1
-88.138977,1
-117.017662,1
-82.387505,1
-118.081619,1
-76.172981,1
-88.043091,1
-105.937798,1
-72.099518,1
-119.11657,1
-92.668198,1
-111.850883,1
-88.613708,1
-122.098183,1
-81.858513,1
-96.81485,1
-72.631111,1
3.11162,1
-97.229324,1
6.67595,1
74.589996,1
-115.211403,1
-78.470421,1
-88.105087,1
-74.264191,1
-82.574867,1
-80.995613,1
-94.118866,1
-87.880798,1
-73.30349,1
-87.970352,1
-80.173927,1
-55.883331,1
9.4903,1
-94.733734,1
-87.844688,1
-83.468445,1
-83.010277,1
9.18284,1
41.123402,1
0.88826,1
-117.208878,1
-114.312912,1
-122.771492,1
-80.175964,1
-87.359451,1
-74.52404,1
-78.815849,1
-84.033615,1
-75.708817,1
-85.963974,1
-121.884727,1
19.263437,1
-80.236412,1
-117.650887,1
18.54179,1
42.15139,1
23.1,1
72.3741,1
57.51667,1
-6.00272,1
49.409199,1
-55.533329,1
31.997389,1
25.74374,1
106.400002,1
30.174417,1
-57.63591,1
109.23333,1
-117.271149,1
-120.234962,1
-82.988747,1
141.350098,1
23.033331,1
-98.38839,1
-118.064789,1
-84.490761,1
-79.392197,1
-81.378403,1
-88.372833,1
-118.353226,1
-73.060112,1
-88.609619,1
-85.659164,1
-96.845795,1
-77.001083,1
-86.02504,1
15.84357,1
4.80556,1
5.56831,1
12.29216,1
19.69124,1
4.8345,1
113.550003,1
-68.149994,1
102.27607,1
-73.671799,1
-84.155846,1
-73.68734,1
-105.057419,1
-105.154198,1
-82.533363,1
-105.971703,1
0.6838,1
-86.254181,1
22.763611,1
-91.714973,1
-94.531898,1
-111.948769,1
-73.942894,1
-87.397072,1
-116.553253,1
54.434566,1
23.71278,1
25.940805,1
-106.083328,1
29.087601,1
24.401939,1
-80.659508,1
-91.771271,1
-75.749657,1
-96.571671,1
-111.89994,1
-122.366081,1
-79.864273,1
-118.602119,1
-123.645782,1
-89.744293,1
30.66806,1
-78.394737,1
-91.484619,1
-90.904442,1
-118.261673,1
-73.973579,1
-80.655899,1
101.416138,1
34.878399,1
15.4,1
10.4475,1
89.183327,1
18.38456,1
17.45969,1
17.949924,1
75.133331,1
-84.561317,1
-77.046921,1
-122.459435,1
-95.883324,1
-92.173424,1
-87.6436,1
-76.727791,1
-77.441963,1
-80.06575,1
-118.396744,1
2.67502,1
-97.115067,1
-75.233994,1
41.67382,1
40.125278,1
40.12056,1
-93.234947,1
-73.997887,1
-122.007523,1
18.67996,1
21.87851,1
22.566669,1
-8.86822,1
47.383331,1
-62.272217,1
9.6561,1
2.76845,1
109.216667,1
101.202728,1
-121.286903,1
-94.53978,1
-122.27195,1
9.12074,1
-6.596638,1
-84.301849,1
-77.866386,1
-80.162476,1
-82.683022,1
-73.170959,1
-71.054779,1
-89.683678,1
-93.998894,1
-72.167,1
-122.208435,1
4.49218,1
-85.974998,1
-85.824127,1
-84.581413,1
18.96641,1
11.79684,1
-85.306351,1
-86.889122,1
137.015244,1
137.150055,1
18.092159,1
-104.894165,1
-0.13304,1
-100.773903,1
-91.643974,1
-4.54547,1
13.50357,1
-16.25462,1
3.13291,1
18.17202,1
13.15269,1
8.477135,1
16.507706,1
9.48563,1
-3.933344,1
0.616571,1
-104.23333,1
-100.083473,1
16.23333,1
-123.115837,1
4.493052,1
31.380823,1
21.411409,1
105.86026,1
43.618889,1
27.299999,1
-74.742943,1
1.432504,1
10.32066,1
29.233231,1
2.91183,1
11.44664,1
14.20493,1
2.54936,1
3.07926,1
0.475572,1
-16.816179,1
-2.8476,1
12.08222,1
11.333447,1
18.379379,1
28.254789,1
56.19643,1
33.99099,1
5.725,1
12.60278,1
2.18417,1
-0.33448,1
15.99255,1
27.94589,1
10.06069,1
10.12599,1
9.39683,1
28.063057,1
12.55795,1
-122.612312,1
-0.36493,1
129.867096,1
26.036449,1
105.294167,1
98.588097,1
11.81841,1
13.9259,1
2.03305,1
101.25,1
21.8494,1
-43.41703,1
5.233254,1
5.28236,1
5.30974,1
2.74135,1
-123.3629,1
34.976521,1
6.501465,1
9.06434,1
14.23549,1
-95.457199,1
-122.938171,1
-119.812195,1
21.1175,1
-81.535675,1
-117.90554,1
11.39196,1
-5.45403,1
15.46769,1
15.237803,1
1.826489,1
-5.68333,1
11.89349,1
-7.85,1
100.818703,1
36.496571,1
22.299999,1
17.880619,1
10.66667,1
12.75293,1
7.34248,1
7.29577,1
7.91403,1
13.32501,1
114.01667,1
106.75,1
110.699997,1
10.900525,1
8.49358,1
9.26725,1
11.2451,1
9.95816,1
11.05928,1
9.981626,1
-82.674332,1
9.152075,1
7.27127,1
10.11086,1
38.097515,1
44.950901,1
18.74559,1
105.666672,1
130.084198,1
54.880642,1
89.716667,1
100.362511,1
9.24598,1
9.16355,1
-48.638062,1
-73.498734,1
-58.625912,1
9.35884,1
9.118378,1
8.32704,1
9.47629,1
12.57445,1
9.7529,1
12.10694,1
13.32282,1
10.305559,1
9.28762,1
9.39065,1
105.913895,1
125.543671,1
98.566673,1
9.49699,1
13.28702,1
8.81625,1
14.807543,1
6.94406,1
13.12139,1
9.16311,1
12.80295,1
8.91229,1
12.22341,1
9.70891,1
8.39833,1
9.08054,1
12.15011,1
8.285763,1
10.44386,1
8.20714,1
10.28262,1
11.48123,1
7.81523,1
32.553711,1
10.680253,1
14.33879,1
4.49306,1
9.51441,1
-76.522369,1
13.28464,1
-79.513214,1
18.676458,1
8.91418,1
9.35837,1
10.58333,1
8.484074,1
8.46969,1
9.12475,1
7.92737,1
8.62669,1
9.15389,1
8.29391,1
9.04218,1
8.06826,1
9.19581,1
8.33826,1
11.73696,1
9.66313,1
45.042198,1
83.182503,1
14.64017,1
12.5,1
10.167004,1
8.112311,1
11.64293,1
7.2225,1
9.63434,1
10.84778,1
10.37615,1
8.68132,1
8.2672,1
6.65224,1
8.0868,1
8.23674,1
9.41184,1
8.03958,1
7.01667,1
9.86667,1
7.11639,1
13.33165,1
9.42078,1
10.16667,1
13.04051,1
13.44898,1
9.07917,1
7.68333,1
11.912856,1
13.52001,1
-93.298256,1
17.38306,1
10.41667,1
10.63164,1
11.1,1
11.6,1
13.4,1
14.06185,1
12.1369,1
37.958061,1
-111.381813,1
8.51649,1
10.85834,1
9.77361,1
11.03988,1
11.55639,1
11.906944,1
12.49761,1
-3.41,1
21.4,1
28.466669,1
7.29097,1
6.6863,1
14.4446,1
-124.099838,1
26.83333,1
12.21476,1
11.19811,1
6.86418,1
11.58333,1
10.33333,1
13.07691,1
7.89442,1
10.3262,1
9.80272,1
9.797855,1
12.53051,1
9.93367,1
6.984434,1
9.18025,1
6.24882,1
30.615339,1
-99.23333,1
37.323563,1
171.649994,1
13.72944,1
111.816673,1
173.68132,1
14.01043,1
101.823082,1
5.46389,1
137.932999,1
-84.019913,1
14.56065,1
-93.470474,1
-73.446533,1
-98.144768,1
5.3192,1
-0.02375,1
3.0235,1
2.31394,1
6.63981,1
2.82666,1
-1.40552,1
10.75655,1
9.63501,1
109.902496,1
116.0466,1
-1.40019,1
-0.58125,1
6.91667,1
-4.01667,1
126.716667,1
2.38487,1
6.09295,1
-2.04972,1
-6.21667,1
0.45971,1
-79.064171,1
0.03056,1
-84.398399,1
18.410027,1
0.76715,1
-0.88333,1
0.16667,1
0.91963,1
-5.66895,1
3.159,1
-2.03333,1
10.760155,1
31.05389,1
4.70972,1
17.64757,1
13.71542,1
9.73704,1
7.845442,1
9.17702,1
12.61516,1
-0.73963,1
7.50435,1
-2.44161,1
6.43966,1
-3.13179,1
9.15,1
1.43333,1
-3.68333,1
-2.08333,1
-78.8871,1
-84.539673,1
-92.411293,1
42.720829,1
-83.566597,1
-117.806732,1
0.40418,1
6.64896,1
7.51474,1
4.11472,1
6.97312,1
-1.86667,1
-63.418209,1
16.564131,1
11.41667,1
11.92856,1
9.01359,1
8.65345,1
10.98022,1
9.27082,1
-4.48993,1
-3.78713,1
5.89745,1
-3.01479,1
-0.27321,1
2.29025,1
0.41667,1
-2.86513,1
6.08661,1
9.19362,1
-79.952843,1
13.42343,1
10.20125,1
12.27525,1
8.85464,1
2.36792,1
0.91581,1
1.81823,1
-0.12291,1
3.11667,1
2.30878,1
-0.29011,1
2.148,1
-3.98709,1
128.988907,1
7.05,1
0.15868,1
2.13925,1
0.33358,1
1.257762,1
5.58456,1
1.74628,1
4.77189,1
5.16667,1
-0.25,1
0.31732,1
6.1062,1
3.25976,1
5.225,1
-0.09446,1
4.26843,1
2.41874,1
-0.69094,1
1.75159,1
4.26021,1
-0.43872,1
1.0425,1
-0.80928,1
-1.3678,1
5.49574,1
4.80892,1
-1.12902,1
-4.099895,1
-2.87464,1
-0.85869,1
13.30026,1
9.297972,1
11.05516,1
104.776718,1
120.959999,1
104.25,1
114.348328,1
100.083336,1
12.66836,1
7.482185,1
9.27685,1
7.11232,1
-6.6493,1
-0.9518,1
-0.32719,1
-2.54713,1
1.04582,1
4.52637,1
3.01959,1
-0.08497,1
0.98266,1
-4.31698,1
-94.382172,1
-98.202263,1
-1.65306,1
5.51642,1
5.87763,1
7.2519,1
0.37893,1
-4.7243,1
-0.6747,1
-79.425812,1
-3.87907,1
6.57497,1
4.21964,1
1.1542,1
2.249833,1
5.93333,1
4.900068,1
-2.74169,1
0.34254,1
4.70198,1
-5.23333,1
7.13338,1
-70.7658,1
19.934811,1
19.525961,1
144.28035,1
5.00613,1
4.68096,1
0.06583,1
-3.57326,1
-2.75208,1
1.13176,1
-7.3,1
-0.33781,1
1.26951,1
1.90972,1
1.44796,1
-1.71389,1
74.76667,1
50.611931,1
103.771004,1
27.197941,1
18.849581,1
14.434554,1
8.673539,1
10.00588,1
-111.909309,1
-71.395065,1
-81.374138,1
109.609169,1
93.449997,1
102.641388,1
109.18528,1
104.916527,1
72.150002,1
38.084801,1
11.540926,1
14.788088,1
48.514561,1
-58.115669,1
5.48611,1
-1.90764,1
111.116669,1
25.86989,1
101.606712,1
-84.311333,1
-122.6073,1
-96.770218,1
10.80395,1
-83.377159,1
118.73333,1
115.077606,1
94.416672,1
109.524002,1
-5.275214,1
39.387699,1
19.700029,1
65.333328,1
14.97902,1
-86.249664,1
23.938061,1
58.356998,1
22.063391,1
26.72291,1
16.827499,1
77.083328,1
7.18074,1
-83.030197,1
105.116669,1
22.950001,1
43.497299,1
18.926531,1
-84.051147,1
130.850006,1
107.51667,1
112.583336,1
108.354698,1
114.199997,1
122.265282,1
-71.570038,1
-88.81839,1
106.812218,1
44.445129,1
11.18411,1
75.166672,1
-101.466667,1
105.933327,1
104.626282,1
122.816673,1
-73.058601,1
120.225281,1
102.004173,1
120.543159,1
108.650002,1
112.73333,1
121.174004,1
123.841087,1
112.422501,1
117.866669,1
1.666049,1
-77.382874,1
-62.616669,1
175.149994,1
19.965931,1
10.27806,1
89.480278,1
-1.64318,1
17.57139,1
-4.7667,1
-68.93354,1
127.490471,1
24.799999,1
18.465155,1
-51.458408,1
-50.43277,1
20.809349,1
-1.34029,1
174.083328,1
-16.73012,1
105.430832,1
-79.395767,1
-73.977234,1
-96.790794,1
-81.867393,1
-89.216736,1
-82.434952,1
-2.58047,1
3.5438,1
-75.78598,1
102.909439,1
16.565399,1
22.36904,1
26.9,1
170.503616,1
15.03344,1
98.300003,1
109.583336,1
1.11667,1
128.084503,1
127.949997,1
-75.699265,1
139.650894,1
-7.40266,1
27.699699,1
38.793919,1
8.57146,1
16.62155,1
106.383331,1
-97.099998,1
91.836182,1
120.983284,1
9.16775,1
120.538887,1
-79.416222,1
117.751938,1
-39.37167,1
10.18645,1
10.13375,1
17.873489,1
-113.499321,1
25.41667,1
79.79528,1
-83.799919,1
-96.524788,1
125.13546,1
97.23333,1
111.783333,1
-1.28334,1
4.835763,1
77.216667,1
72.933327,1
-79.592918,1
79.446861,1
-5.0826,1
8.4502,1
-42.802223,1
8.635123,1
-97.113678,1
8.6295,1
50.87376,1
99.128983,1
8.20778,1
14.404611,1
18.119129,1
138.621536,1
24.118372,1
-41.09222,1
-74.199028,1
22.74839,1
47.064823,1
9.472148,1
32.589195,1
33.36655,1
8.44436,1
-52.89389,1
-122.752617,1
-42.34111,1
-35.853329,1
8.17503,1
85.207222,1
-37.119999,1
12.201212,1
-70.534546,1
-74.339066,1
-9.10149,1
110.250557,1
42.200279,1
15.79045,1
-2.33701,1
-70.143059,1
-80.904457,1
-70.598785,1
2.63772,1
4.21389,1
-5.31979,1
33.629314,1
106.416672,1
19.622181,1
1.62805,1
37.825562,1
-7.35,1
138.117004,1
37.383221,1
-49.64917,1
-42.531166,1
-75.605827,1
-45.834999,1
-54.647797,1
-48.845558,1
53.797821,1
-62.166672,1
35.54052,1
9.704375,1
-71.156441,1
135.600815,1
31.58247,1
-118.787643,1
23.66667,1
-95.861153,1
-3.517821,1
-0.64167,1
-77.401833,1
44.801331,1
17.38986,1
15.65904,1
10.74668,1
106.066673,1
-1.13716,1
9.29836,1
19.210369,1
78.136658,1
36.716091,1
-0.61408,1
-83.020042,1
-35.85722,1
-73.560646,1
-47.459721,1
-113.713379,1
15.31389,1
11.2844,1
60.862793,1
16.92581,1
-72.619049,1
-44.404171,1
-113.810333,1
-123.1017,1
-38.510906,1
-122.625328,1
-123.093742,1
-73.622505,1
-79.259506,1
128.336304,1
36.961731,1
24.80743,1
-39.578331,1
15.86168,1
-79.816673,1
91.275002,1
61.357399,1
4.49495,1
19.45615,1
-45.703331,1
35.028889,1
12.18583,1
-7.040423,1
75.566673,1
30.748791,1
10.86667,1
-10.17299,1
-60.183563,1
1.53414,1
7.59102,1
14.08333,1
-79.301468,1
17.8309,1
-114.075989,1
39.536819,1
-76.682716,1
4.63031,1
6.87172,1
-79.372787,1
-49.72694,1
-79.819046,1
-40.500824,1
-76.24939,1
-51.076111,1
91.979767,1
-47.384171,1
2.97391,1
-58.871159,1
113.703171,1
23.433889,1
14.41148,1
13.53524,1
14.65427,1
-3.4982,1
104.98333,1
102.099243,1
-8.07265,1
17.483891,1
-102.984222,1
18.95512,1
-100.133331,1
-79.376526,1
-78.631493,1
153.103043,1
-2.8858,1
10.76162,1
-123.117432,1
-48.281944,1
-51.666672,1
-123.367508,1
-45.41328,1
-47.625832,1
-42.46917,1
-78.633331,1
-95.810173,1
-44.730831,1
-89.643585,1
-3.00731,1
60.795006,1
10.69914,1
134.232834,1
139.983002,1
19.683331,1
-113.981483,1
21.299999,1
14.15242,1
10.518662,1
99.007446,1
-122.813019,1
13.0033,1
32.756939,1
-80.063225,1
34.346909,1
15.77916,1
80.217003,1
19.52762,1
18.92399,1
30.806709,1
108.050003,1
11.71582,1
24.75,1
29.86791,1
-104.8853,1
77.449997,1
15.83333,1
-49.369789,1
151.256348,1
29.468849,1
148.617523,1
12.480719,1
14.7275,1
16.4,1
142.162506,1
32.649055,1
146.541504,1
45.174683,1
-25.66667,1
53.060127,1
25.729639,1
2.418213,1
-0.47432,1
106.73333,1
-44.576492,1
151.216675,1
-66.046829,1
-43.41806,1
-49.870552,1
-40.833889,1
30.297958,1
27.288891,1
-123.198723,1
-119.620689,1
-97.944962,1
4.16682,1
76.750908,1
-110.300003,1
9.521713,1
-38.324169,1
-120.510757,1
13.20247,1
-6.57109,1
-76.570389,1
12.35861,1
-73.444244,1
15.63333,1
-79.466331,1
22.053341,1
9.98957,1
-42.644512,1
-39.542191,1
-79.883331,1
-73.685158,1
-87.09996,1
-81.277519,1
-85.633163,1
-38.483303,1
4.291622,1
14.90553,1
48.875301,1
-68.33007,1
11.16667,1
16.387501,1
-52.722221,1
50.004902,1
16.84889,1
28.69663,1
-70.050003,1
-119.485649,1
-70.744438,1
100.360138,1
110.716667,1
-74.186821,1
108.371399,1
4.53494,1
26.922865,1
20.25836,1
16.0488,1
176.985443,1
24.23,1
-21.700001,1
25.143377,1
-117.566437,1
-84.551926,1
-121.837563,1
152.920288,1
-49.124722,1
22.696211,1
-48.029446,1
-80.264015,1
-80.989075,1
-72.543991,1
-16.76667,1
-71.79908,1
107.916672,1
-78.284439,1
-117.185883,1
-82.101189,1
6.13611,1
112.282799,1
70.216667,1
-97.849983,1
57.36306,1
151.199402,1
18.962959,1
86.728523,1
-6.950898,1
12.627065,1
50.607498,1
28.137779,1
-79.309097,1
11.98333,1
-56.00444,1
-72.480705,1
-73.581528,1
-55.649166,1
-49.379532,1
-75.082603,1
-36.586391,1
-40.333328,1
-74.249237,1
19.338341,1
-75.527313,1
-84.071045,1
-112.468536,1
89.140198,1
0.81094,1
22.155371,1
-113.478065,1
10.25647,1
19.28528,1
-79.591331,1
18.739519,1
108.33535,1
21.2131,1
-113.369186,1
-58.075562,1
-53.05722,1
18.958326,1
-70.866669,1
47.334572,1
-8.44442,1
150.666672,1
8.05002,1
-73.564919,1
147.328064,1
26.5,1
70.972351,1
-51.93861,1
28.359209,1
1.72511,1
2.912597,1
-97.933327,1
-123.25663,1
-66.157181,1
19.81889,1
-113.918739,1
14.89881,1
13.9965,1
-42.20417,1
11.61484,1
-41.466942,1
17.66667,1
151.000092,1
8.37532,1
43.463058,1
-64.824966,1
18.083652,1
-1.89651,1
20.80793,1
72.603493,1
14.1,1
6.74046,1
35.485554,1
98.666916,1
-76.383522,1
-99.156967,1
14.50487,1
31.74757,1
12.108566,1
-79.378487,1
-79.453835,1
-111.459061,1
11.4817,1
16.7265,1
153.532227,1
13.40631,1
2.19933,1
139.282471,1
21.100531,1
3.209513,1
30.34938,1
129.733063,1
55.173969,1
-53.759171,1
30.34046,1
9.75257,1
39.270412,1
7.6243,1
-79.342911,1
10.63125,1
11.03868,1
11.08864,1
37.740849,1
174.720184,1
18.44982,1
32.394249,1
172.633347,1
20.799999,1
-38.966671,1
39.36655,1
37.343712,1
-74.615952,1
41.2971,1
9.40996,1
8.81063,1
16.605961,1
25.604687,1
11.06707,1
30.112089,1
-123.070236,1
37.082458,1
-79.696426,1
100.442291,1
-101.933327,1
16.18306,1
-8.40924,1
80.449997,1
26.194719,1
22.467888,1
-75.397636,1
24.289825,1
-123.156563,1
-72.537857,1
19.4848,1
-79.697701,1
18.42321,1
139.867004,1
20.93,1
-47.437778,1
140.466995,1
67.866669,1
18.63213,1
-5.92088,1
37.349998,1
9.53333,1
51.537781,1
45.036751,1
34.28648,1
-124.31945,1
-8.86179,1
-42.343075,1
-6.08845,1
57.078712,1
14.05103,1
175.616257,1
-113.458412,1
-79.376076,1
107.092003,1
24.52895,1
-97.14064,1
12.05727,1
15.89709,1
23.200001,1
12.9443,1
76.550003,1
16.1,1
-5.45042,1
5.987007,1
83.373894,1
56.51572,1
60.083889,1
9.733127,1
-71.268105,1
-53.014759,1
-63.596081,1
-39.014721,1
-41.94944,1
-111.285072,1
114.614594,1
-122.969429,1
151.072189,1
-79.280449,1
-51.162781,1
16.0109,1
-100.683327,1
76.400002,1
10.31761,1
10.85861,1
-84.116753,1
32.020489,1
-73.365852,1
7.49697,1
15.54778,1
1.250024,1
106.345284,1
-71.06369,1
-72.623543,1
-79.256004,1
41.319172,1
18.501909,1
49.720139,1
9.6,1
17.450899,1
55.291542,1
6.168116,1
50.5975,1
37.742668,1
-113.443916,1
79.666672,1
7.945876,1
105.218063,1
69.172333,1
52.309422,1
75.450668,1
121.123596,1
26.116671,1
-93.116867,1
-79.606079,1
-122.753014,1
77.333328,1
-86.782211,1
143.516663,1
29.27067,1
172.016663,1
9.78594,1
-3.81338,1
144.983047,1
42.944351,1
24.966669,1
10.92618,1
23.549999,1
-97.73333,1
-73.606888,1
-75.556175,1
10.63699,1
13.01206,1
13.55068,1
176.916672,1
-7.31088,1
-17.76421,1
-72.315224,1
-73.56852,1
-72.666672,1
9.873839,1
89.083328,1
86.183327,1
152.647186,1
39.87056,1
-2.100216,1
5.5969,1
-99.816673,1
-79.841667,1
-73.806511,1
20.253469,1
-50.78046,1
13.2,1
-9.16621,1
-8.9775,1
-35.762779,1
151.099304,1
115.800003,1
-64.294479,1
-79.682922,1
-100.650002,1
4.07129,1
-98.566673,1
7.457896,1
-63.596668,1
-50.575829,1
-122.96946,1
-45.461708,1
16.439226,1
149.580597,1
145.866669,1
150.937088,1
145.035858,1
53.775661,1
-70.995987,1
145.766113,1
131.25,1
115.768654,1
39.725983,1
-60.943321,1
15.55,1
-49.209999,1
28.16667,1
14.11667,1
-40.326389,1
12.68389,1
26.227356,1
121.097221,1
-56.223831,1
10.50295,1
77.949997,1
-119.552612,1
152.683334,1
61.890499,1
16.615561,1
-4.67933,1
18.39325,1
78.099998,1
8.61294,1
15.87018,1
103.877998,1
20.98633,1
0.105725,1
108.099998,1
-79.380882,1
16.41667,1
10.19337,1
141.882996,1
-78.932869,1
17.031046,1
23.366671,1
-97.949997,1
15.24222,1
14.05055,1
13.79476,1
-70.632332,1
4.69889,1
-119.269051,1
50.583302,1
88.638641,1
-101.666672,1
-92.916672,1
145.696823,1
2.36506,1
9.262662,1
-116.868881,1
-77.112846,1
153.057053,1
40.341019,1
-89.666672,1
106.137611,1
-57.557697,1
-89.094048,1
-82.851517,1
-122.422264,1
4.10106,1
-2.94664,1
153.277298,1
39.614315,1
26.06278,1
41.038078,1
25.4,1
120.593063,1
-79.566216,1
-135.054138,1
16.866671,1
56.465832,1
148.157837,1
25.51667,1
50.547764,1
20.46109,1
145.423233,1
32.869671,1
-112.534737,1
-116.97197,1
-43.350418,1
24.73333,1
22.945679,1
80.584099,1
-70.642181,1
50.650002,1
94.449997,1
-77.036598,1
-48.966671,1
-75.495758,1
10.63171,1
46.206989,1
150.751419,1
1.7,1
-77.346191,1
-93.126099,1
-97.342781,1
-87.624496,1
-79.749489,1
-94.678322,1
-77.271591,1
-87.500175,1
-88.018028,1
-87.853943,1
-76.623489,1
7.30776,1
0.63333,1
-74.091393,1
-81.051308,1
-109.827583,1
112.01667,1
4.881957,1
140.750061,1
13.58876,1
-104.820534,1
-122.080399,1
-69.83255,1
39.570625,1
43.747288,1
34.540791,1
135.699997,1
-1.91667,1
145.858383,1
-99.56778,1
-121.87674,1
-82.903748,1
-106.619247,1
-80.926987,1
18.121679,1
6.64505,1
-80.649521,1
-75.194916,1
-93.996582,1
-86.864243,1
-47.81028,1
23.599447,1
29.471109,1
36.94759,1
9.16145,1
11.45439,1
111.454803,1
-79.480377,1
-94.128807,1
-84.492142,1
-90.162804,1
24.056471,1
20.932501,1
21.25,1
-46.688389,1
-0.8,1
-46.99139,1
-46.550323,1
-0.81091,1
33.59996,1
28.043631,1
110.29361,1
-79.989899,1
-74.787941,1
-122.701187,1
-3.18638,1
40.575562,1
-82.599808,1
136.216995,1
140.46727,1
7.6117,1
-121.522797,1
-83.958237,1
-115.275398,1
-105.270554,1
-76.472168,1
-70.518944,1
-80.099686,1
-94.922462,1
-86.764732,1
103.616669,1
7.79607,1
-88.195343,1
-88.003967,1
-75.526169,1
39.874241,1
-83.687637,1
-82.799965,1
-83.988014,1
-71.050003,1
-88.012589,1
-80.85675,1
-89.748718,1
-82.112854,1
-70.300323,1
-72.740944,1
-111.845879,1
6.16667,1
50.976627,1
-0.43128,1
-87.665604,1
-105.10186,1
37.803005,1
11.61873,1
17.932711,1
44.779732,1
109.140198,1
-2.11561,1
110.831673,1
-79.491081,1
13.02662,1
26.58559,1
-71.145195,1
-111.904297,1
-122.163948,1
-78.829483,1
21.591221,1
5.55,1
17.72747,1
131.466995,1
2.193365,1
-94.101875,1
-85.2519,1
-75.546539,1
-73.964905,1
-81.63076,1
-122.248802,1
-77.030251,1
-86.72065,1
-122.057373,1
-74.018936,1
21.427441,1
17.077681,1
13.93282,1
-101.67366,1
16.843889,1
15.65136,1
22.78573,1
-75.232224,1
11.15587,1
100.258583,1
37.51667,1
-79.256668,1
-74.003273,1
-81.626862,1
-104.820137,1
-81.923477,1
-112.017479,1
-75.886459,1
-74.658043,1
-81.207123,1
-94.707779,1
-122.153412,1
-81.413193,1
-80.3377,1
104.745796,1
-79.260872,1
-111.782829,1
-121.847641,1
-84.125221,1
-92.08165,1
-93.298279,1
-82.075668,1
-96.599159,1
103.332802,1
-79.636124,1
-75.395302,1
-79.998772,1
-122.030968,1
-122.875343,1
-81.695854,1
-85.390778,1
-121.931618,1
-81.307846,1
-96.609161,1
-120.008652,1
-117.305481,1
-118.309166,1
-116.29702,1
-75.338882,1
-79.384018,1
112.527603,1
12.82504,1
158.6483,1
-16.578123,1
74.678192,1
15.45194,1
22.203609,1
110.992783,1
99.977699,1
22.76667,1
-90.366661,1
-104.97007,1
8.69918,1
32.416054,1
-88.885315,1
-76.496864,1
-83.493271,1
-74.114311,1
-81.835182,1
-90.461998,1
-95.97599,1
-84.47747,1
-78.491966,1
-97.82756,1
-118.087723,1
-86.61998,1
-111.822739,1
-83.367142,1
-82.830994,1
-89.781174,1
5.25089,1
-118.037292,1
-78.868851,1
-86.544418,1
-87.03833,1
-80.857948,1
-84.252724,1
-114.981941,1
-87.884239,1
-84.01326,1
-106.307198,1
-80.341484,1
-97.916672,1
-96.848602,1
-82.161789,1
-74.058357,1
-84.124657,1
7.36027,1
-86.58194,1
-82.454262,1
-117.11821,1
-82.465286,1
-87.714577,1
-117.164307,1
-112.047638,1
-117.327339,1
-87.349983,1
-82.387871,1
-78.405724,1
-81.606049,1
-97.620003,1
-82.76371,1
-85.38652,1
-70.258942,1
-73.784645,1
-83.291206,1
-95.186363,1
-71.136993,1
-71.467567,1
-81.339241,1
-84.29438,1
-95.220718,1
-85.50164,1
-76.359917,1
-86.696518,1
-121.725403,1
-95.30957,1
-104.987762,1
-156.44809,1
-86.62883,1
-4.4057,1
-61.561481,1
174.649994,1
27.100002,1
-115.353271,1
12.22139,1
21.35,1
106.004158,1
-8.41955,1
14.35561,1
53.55262,1
-106.31308,1
-117.593109,1
-79.791992,1
-74.360931,1
-71.275993,1
-83.318832,1
-74.425552,1
-84.951981,1
-117.043159,1
-118.35257,1
-78.921783,1
-80.633804,1
-101.480621,1
-89.829544,1
14.42556,1
-97.311867,1
9.230181,1
-71.61602,1
-81.637741,1
-96.575432,1
-85.246376,1
-83.78112,1
-86.294441,1
-86.112213,1
-119.782913,1
-111.860519,1
-122.149826,1
-82.206245,1
-97.254738,1
-90.052101,1
-97.133675,1
-88.818886,1
-72.546112,1
-81.974838,1
-96.608932,1
-117.148361,1
-73.051498,1
-80.015701,1
-117.918671,1
-73.96804,1
-83.27388,1
-101.847137,1
-86.088623,1
-89.401222,1
-74.864891,1
-96.469254,1
-74.862457,1
-122.341522,1
-91.687851,1
-82.47065,1
-72.589745,1
-87.316772,1
22.116671,1
13.80361,1
114.0979,1
22.11417,1
-94.201385,1
-122.308456,1
-97.081947,1
29.91091,1
-74.345932,1
-0.03945,1
-73.594841,1
-95.362503,1
-89.575661,1
-111.455833,1
-79.995987,1
-73.910973,1
-73.188766,1
-96.696014,1
-80.741997,1
-82.650131,1
-71.265694,1
-82.158737,1
-93.156609,1
-117.938721,1
-111.6735,1
11.71014,1
20.26667,1
-122.150581,1
-112.445541,1
-120.468063,1
-82.330368,1
-92.44194,1
60.731392,1
-1.43333,1
21.40778,1
101.449997,1
-122.436157,1
-89.222916,1
-95.019371,1
-81.579041,1
-76.126114,1
-87.155991,1
-85.953651,1
-118.144905,1
-92.004784,1
-96.942802,1
-117.228592,1
-83.985725,1
-82.285927,1
-73.325706,1
-123.070091,1
-94.224159,1
-79.176498,1
-95.635086,1
-113.994003,1
-77.563843,1
-75.963249,1
-84.233269,1
-84.590202,1
-83.092957,1
-84.193558,1
-93.874802,1
-87.035286,1
-72.598137,1
-89.984207,1
-76.583542,1
-86.812767,1
-75.974609,1
-149.428055,1
-92.201401,1
-93.201042,1
-81.386497,1
-74.010422,1
-81.236313,1
-71.470352,1
-109.528748,1
-82.826828,1
-90.077217,1
-75.385834,1
-106.053482,1
-120.996857,1
6.86933,1
2.187062,1
0.76679,1
-117.925346,1
-73.212105,1
-63.576286,1
8.82228,1
23.416161,1
-95.377541,1
-111.938553,1
-82.464569,1
-95.83889,1
-75.946587,1
-83.461029,1
-80.350456,1
-71.366005,1
-84.558846,1
-73.452927,1
-82.253815,1
-89.730949,1
-86.342697,1
-122.531097,1
-73.920891,1
-85.792191,1
-119.247047,1
-107.880074,1
-78.643921,1
-95.562431,1
-105.502258,1
-111.338943,1
-122.297997,1
-0.877973,1
-78.476608,1
-89.518158,1
-119.059273,1
-96.798393,1
-122.685883,1
-81.254532,1
-82.068489,1
-69.406601,1
-96.595268,1
-122.03997,1
-76.730743,1
-94.423264,1
-98.486481,1
-94.162682,1
-112.468498,1
-86.463181,1
-93.871399,1
-90.362099,1
-75.490433,1
0.50292,1
-72.529938,1
-94.704964,1
-73.898636,1
-122.391785,1
-80.671997,1
-79.862671,1
-83.824074,1
-115.956284,1
-86.446663,1
-96.770699,1
-79.941429,1
-121.654388,1
-105.232101,1
-78.972809,1
-88.11731,1
-74.40612,1
-117.985901,1
-83.888336,1
-122.325729,1
-92.43824,1
-88.527321,1
102.501282,1
102.0783,1
23.50561,1
-90.577629,1
1.26892,1
-90.515015,1
-111.93882,1
-81.222351,1
-91.187088,1
-83.759659,1
-84.176849,1
-73.644012,1
-74.272346,1
-73.997009,1
-76.839417,1
-91.736252,1
-119.284462,1
-88.026665,1
-80.053474,1
-80.946304,1
38.9674,1
-95.433327,1
35.328827,1
-120.329224,1
38.39399,1
114.947952,1
-75.713799,1
-91.403168,1
-93.055183,1
83.968513,1
-104.876923,1
-73.827568,1
136.533005,1
-13.86839,1
22.729,1
-97.032883,1
-96.597618,1
176.849182,1
-73.915283,1
-122.205902,1
-118.281563,1
-122.298859,1
7.18848,1
23.116671,1
18.203529,1
-89.817146,1
15.90936,1
-117.78952,1
-112.069122,1
-87.611801,1
-122.549698,1
-84.416115,1
17.309719,1
0.98333,1
-92.355751,1
-122.329506,1
-83.1716,1
103.899902,1
16.074989,1
-118.781487,1
28.18783,1
-80.824196,1
51.421509,1
153.027817,1
-80.624161,1
7.14403,1
