port,count
443,113200
11434,32361
80,14921
8080,14080
3000,8118
8888,7918
8000,4966
8089,1001
9999,948
8085,937
5001,919
8443,888
9443,888
5060,833
123,787
8188,787
21,770
7547,724
995,715
5601,686
8983,656
7443,644
28017,641
8889,627
5000,611
9200,602
9090,583
9001,556
8081,523
7777,498
8001,494
10000,494
808,490
88,461
8090,455
3306,451
8082,448
8800,429
9100,424
111,411
7000,406
8880,400
9080,399
81,392
10002,390
8083,389
8002,386
9020,386
5985,383
8088,378
2053,367
2095,364
3389,361
2086,360
49155,356
5357,353
2087,353
82,348
9000,348
2078,347
8008,345
40000,344
2052,339
7170,339
4433,338
8181,338
18080,336
49153,333
8020,332
85,331
50001,329
20000,327
888,325
60000,324
8084,318
4443,315
2082,314
49154,313
4567,313
2077,311
4444,310
2079,310
3128,309
135,309
110,308
50777,305
30005,305
10443,304
1025,303
2096,302
55555,301
444,299
2080,298
1024,296
49152,296
47001,294
993,285
58000,282
2083,278
541,276
445,274
50580,272
50805,268
51005,268
1000,266
58603,265
4343,262
1433,262
20202,261
500,259
1194,258
10001,258
51007,252
8291,251
50995,249
1723,234
7860,230
8890,226
554,225
465,225
587,209
520,204
1701,194
20201,194
10101,190
10086,187
10080,186
6363,185
52025,183
9990,182
10089,180
10081,179
10065,176
10380,172
10049,171
10480,170
11082,169
11101,169
10100,167
10048,167
10390,167
10075,166
10936,166
10398,164
10397,164
10071,164
9988,162
10533,162
10066,161
10052,161
10083,161
10399,160
10046,160
10010,160
10087,160
11000,159
5555,158
10444,158
10933,158
10051,158
10082,158
10047,156
11027,155
6333,155
10810,152
10093,152
3142,150
10477,150
10034,149
10028,148
3132,147
11002,147
18888,146
10009,146
10209,146
10393,146
10027,146
10068,145
9994,145
9991,144
10084,144
11007,144
9993,143
10018,143
10014,142
11065,142
10050,142
10013,142
10012,142
10029,142
10445,141
11084,140
10011,140
10024,140
10934,139
10017,137
10045,137
3127,137
8899,136
10016,135
9966,135
10943,135
10015,135
10021,134
10033,134
65,134
10025,133
11075,133
9992,133
10090,132
9955,131
10022,131
10031,130
10044,130
9998,130
10023,129
10006,129
10020,128
10892,128
10205,128
9977,128
12345,128
10935,127
10019,124
0,123
3010,123
10037,122
10036,122
3129,119
3011,119
3018,119
3009,118
10004,118
3021,118
3063,116
10007,116
10008,115
10026,115
10894,115
3120,115
3091,114
10043,114
3022,114
3015,113
3094,113
3092,112
10256,112
3134,112
3149,112
3061,111
3062,111
10225,111
10201,111
3014,111
10032,110
3064,110
3020,110
3059,110
3056,109
3144,109
3133,109
3060,109
3138,109
3093,109
3095,108
10106,108
8865,108
3145,108
3147,108
9950,108
3049,108
3146,107
3057,107
3141,106
3143,106
3007,106
3019,106
3156,106
3155,105
3004,105
3102,105
3017,105
3054,104
3053,104
3158,104
3157,104
10251,104
3104,103
3086,103
3154,103
10249,102
3159,102
3085,101
3051,101
3083,101
3121,100
3136,100
3151,100
10348,100
3016,100
3114,100
3112,100
10210,100
3042,100
3101,100
3082,99
3012,99
3152,99
3140,99
5002,99
3130,99
3013,99
10038,99
3162,99
3148,98
3139,98
3081,98
3116,97
8004,97
10254,97
3161,96
3160,96
3006,96
3150,96
3047,96
3084,95
3088,95
3165,95
3111,95
3090,95
3055,94
3164,94
3113,93
10324,93
3087,93
3163,93
3089,93
3137,93
3058,92
8003,92
3135,92
3008,92
3117,92
10041,91
3065,91
3105,91
8881,91
3103,91
6005,90
8887,90
12346,90
3118,90
3048,90
6006,89
3100,89
12360,88
10302,88
3096,88
10283,88
12357,88
1234,88
3125,87
12348,87
3131,87
20180,87
12353,87
3108,87
12329,86
12339,86
12349,86
3115,86
3109,86
12000,85
12344,85
20292,85
3167,85
12363,85
3110,85
3099,85
12356,85
12352,84
12361,84
3166,84
3126,84
55434,84
12350,83
3168,83
12359,83
12364,83
7001,83
12333,82
3106,82
12351,82
3169,81
8099,81
10042,81
12355,80
12362,80
3122,80
3107,80
12337,79
12334,79
10240,79
9003,79
12342,79
8886,79
32768,79
10181,78
12336,78
12347,78
12358,78
12338,78
12366,78
89,78
9930,77
12341,77
6060,77
3153,77
12343,77
12365,76
3098,76
16000,76
7272,76
3003,75
12328,75
8600,74
12332,74
3119,74
12340,74
9939,74
3071,73
12335,73
12354,72
3074,72
12330,72
8030,71
12331,71
55435,71
3080,71
5004,71
6007,70
57788,69
57787,69
58585,69
58532,68
32769,68
65004,68
3170,68
3072,68
8200,68
3524,68
60099,68
9010,67
59012,67
5007,67
64477,67
9009,67
6002,67
3171,66
57782,66
86,66
62080,66
3124,66
9008,66
3067,66
3068,66
63443,66
64683,66
62865,66
40001,66
3079,66
7005,65
62237,65
3123,65
57785,65
57783,65
3001,65
58378,65
57786,65
9876,65
3073,65
59443,65
15000,65
64671,65
6009,65
7080,65
61617,65
61619,65
62443,64
63676,64
8885,64
3078,64
8884,64
12326,64
3066,64
6008,64
57781,64
57784,64
5901,63
8883,63
63045,63
58392,63
44818,63
12327,62
3333,62
3528,62
3076,62
5405,62
3280,61
8010,60
8159,60
6664,60
6581,60
8882,60
7700,60
8567,60
32414,59
3077,59
6003,59
9002,59
3172,59
12322,59
8251,59
87,59
8086,58
83,58
7657,58
280,58
98,57
19888,57
6868,57
5008,57
6699,57
8032,57
51,57
3299,57
16010,57
3522,57
3525,56
9012,56
8087,56
6010,56
61234,55
8546,55
27017,55
65000,55
9030,55
3173,55
3070,55
3307,55
1588,54
7788,54
32770,54
5902,54
9929,54
58443,54
32773,54
12300,54
6780,54
12324,53
5003,53
8058,53
3174,53
8069,53
16030,53
3283,53
8545,53
9306,53
1505,53
3180,53
12321,53
5005,53
10180,52
60021,52
8040,52
7676,52
9292,52
8989,52
6782,52
3176,52
3288,51
62016,51
12325,51
8834,51
13579,51
3002,51
8765,51
3175,51
9300,51
10030,50
53413,50
10003,50
4000,50
33848,50
49,50
10200,50
11110,50
8025,50
449,50
2424,50
5222,49
18264,49
32771,49
4001,49
9923,49
2362,49
12323,49
5801,49
7778,49
6565,49
1741,49
16992,49
3177,49
5006,48
9005,48
6588,48
38,48
8007,48
3069,48
14443,48
139,48
3531,48
9711,47
3178,47
12999,47
37,47
102,47
4664,47
5938,47
3520,47
8289,47
8060,47
8554,47
3523,47
2443,47
6881,47
8006,47
1302,46
9091,46
19999,46
1010,46
14534,46
7776,46
6560,46
1212,46
4506,46
1947,45
8005,45
8098,45
6669,45
3790,45
10005,45
1610,45
2306,45
1290,45
11001,45
10040,45
10123,45
999,45
3479,45
6697,45
30001,45
311,44
6399,44
9004,44
8140,44
5061,44
3311,44
7171,44
264,44
4660,44
8161,44
19150,44
7199,44
18000,44
3310,44
2501,44
6004,44
2055,44
4449,44
8091,44
2160,44
4505,43
8529,43
523,43
2181,43
18245,43
9600,43
9295,43
6600,43
57780,43
7500,43
800,43
30312,43
4450,43
8097,43
7402,43
1777,43
7002,43
2223,43
6066,43
2404,42
7007,42
7014,42
8014,42
3097,42
69,42
1177,42
9006,42
8182,42
5560,42
8891,42
1311,42
6544,42
1201,42
10039,42
1830,42
32,42
50075,41
4440,41
14265,41
7779,41
6502,41
2480,41
7401,41
9334,41
2638,41
9191,41
7180,41
49156,41
6068,40
51434,40
6667,40
777,40
4430,40
9981,40
5678,40
7003,40
8686,40
9093,40
55553,40
4369,40
7548,40
3689,40
9919,40
7187,40
30050,40
13666,40
3749,40
7145,40
9108,40
4300,40
8093,40
18086,40
8092,40
84,40
18246,39
646,39
2049,39
2051,39
10250,39
4112,39
47808,39
1241,39
4800,39
8139,39
1200,39
32400,39
853,39
6080,39
4200,39
994,39
898,39
30311,39
7,39
2406,39
7144,39
1935,39
2064,39
8688,38
36,38
9092,38
3541,38
5400,38
7537,38
2396,38
9333,38
5820,38
1720,38
48899,38
16922,38
5080,38
90,38
30313,37
50060,37
2020,37
49151,37
8111,37
50070,37
58888,37
11310,37
2000,37
3179,37
143,37
11965,37
7780,37
8138,37
55436,37
3542,37
9754,37
9804,37
8009,37
1214,37
8818,37
5802,37
389,37
5236,37
3183,36
9458,36
3181,36
30,36
7004,36
12320,36
9869,36
9418,36
2869,36
880,36
12020,36
8095,36
55554,36
1901,36
876,36
8444,36
2024,36
2103,36
5443,36
50111,36
5918,36
37777,36
2003,35
221,35
1503,35
70,35
7712,35
2010,35
789,35
53490,35
4040,35
37215,35
9928,35
8332,35
9801,35
9,35
2030,35
104,35
9888,35
7010,35
54327,35
10243,35
57779,35
1494,35
7100,35
32412,35
901,35
20002,34
5258,34
53805,34
5084,34
37020,34
1023,34
8180,34
9944,34
4949,34
5111,34
9007,34
55388,34
2715,34
1260,34
1880,34
55200,34
6001,34
43,34
49665,34
30718,34
53484,34
6668,34
55442,34
20005,34
177,34
7474,34
9115,33
8096,33
5351,33
1026,33
51106,33
55470,33
9083,33
9051,33
55350,33
8234,33
79,33
6590,33
6443,33
8094,33
3005,33
13720,33
2809,33
5009,33
6346,33
20,33
801,33
33890,33
35342,33
54545,32
1028,32
1050,32
7070,32
666,32
55481,32
1911,32
7071,32
53482,32
2455,32
512,32
1521,32
16923,32
4500,32
5095,32
8500,32
5280,32
53485,32
9042,32
9900,32
31,32
771,32
41795,32
5427,32
20332,32
5050,32
8123,32
91,32
1801,32
9810,31
2107,31
3182,31
55490,31
11371,31
9050,31
9803,31
5288,31
53806,31
4022,31
4848,31
50090,31
113,31
11,31
9870,31
33338,31
1962,31
52881,31
53200,31
53480,31
30051,31
2600,31
9926,31
8222,31
1688,30
1042,30
52869,30
1029,30
1314,30
7878,30
9507,30
2002,30
5138,30
4711,30
2252,30
8848,30
9811,30
55055,30
49157,30
52536,30
9909,30
8866,30
3443,30
548,30
9885,30
50100,30
55080,30
9704,30
10035,30
53483,30
37810,30
23424,30
211,30
9160,30
6969,30
14147,30
3030,30
9922,29
9902,29
3312,29
9151,29
9229,29
57778,29
990,29
5577,29
3260,29
5550,29
6000,29
8999,29
44158,29
10332,29
2301,29
199,29
2105,29
8129,29
9455,29
8300,29
6268,29
50000,29
3184,29
900,29
10255,29
2601,28
1248,28
5873,28
1471,28
9690,28
631,28
54857,28
49667,28
49158,28
1900,28
9908,28
6082,28
52931,28
7634,28
9456,28
4880,28
7848,28
7288,28
18081,28
3690,28
13,28
34599,28
53481,28
9611,28
2222,27
99,27
6998,27
23791,27
9773,27
19530,27
50050,27
9779,27
902,27
53400,27
52311,27
5701,27
9916,27
7382,27
8480,27
54022,27
4110,27
19,27
9510,27
9444,27
7077,27
30310,27
3186,27
9505,26
9023,26
22335,26
9898,26
564,26
636,26
4064,26
9734,26
873,26
8112,26
1863,26
6665,26
3567,26
1027,26
7911,26
4111,26
4113,26
4155,26
8262,26
1515,26
54490,26
1991,26
505,26
7479,26
8162,26
5094,26
7493,26
49666,26
8118,26
52951,26
2121,25
5919,25
2701,25
10162,25
9663,25
11300,25
20547,25
9400,25
6103,25
446,25
10912,25
28784,25
4712,25
2604,25
2,25
4782,25
66,25
8126,25
1111,25
67,25
52230,25
992,25
3388,25
620,25
4028,25
2379,24
5269,24
55081,24
8849,24
14000,24
4070,24
623,24
2882,24
3460,24
9800,24
502,24
9595,24
4124,24
9927,24
9465,24
3075,24
8125,24
5903,24
10554,24
503,24
9668,24
9700,24
9765,24
121,24
20880,24
18001,24
9901,24
1080,24
6789,23
8194,23
3185,23
2101,23
31337,23
9658,23
2154,23
8249,23
2881,23
5433,23
4445,23
3372,23
17988,23
9872,23
49664,23
5010,23
131,23
9797,23
3780,23
3390,23
9997,22
5552,22
1967,22
175,22
95,22
100,22
15,22
49669,22
9943,22
106,22
9529,22
49670,22
9864,22
2001,22
6543,22
8013,22
49671,22
93,22
10333,22
4730,22
2401,22
3187,22
17185,22
4190,22
4911,22
8334,22
50003,22
9488,21
9447,21
9682,21
52200,21
1344,21
4321,21
1604,21
9743,21
8250,21
2628,21
28080,21
9802,21
9345,20
8378,20
49161,20
7880,20
8022,20
4063,20
8388,20
8201,20
314,20
9513,20
5051,20
9530,20
49167,20
55475,20
22105,20
13722,20
4002,20
9696,20
92,20
137,20
9088,20
9410,20
9710,20
9446,20
9861,20
5900,20
9376,20
49165,20
9918,20
49672,19
9500,19
1554,19
4842,19
5598,19
8787,19
9383,19
4102,19
22222,19
6666,19
5986,19
3052,19
101,19
9441,19
50002,18
17,18
3352,18
8351,18
9501,18
50051,18
4282,18
8012,18
8333,18
9653,18
1030,18
555,18
5093,18
9480,18
9399,18
9899,18
9389,18
119,18
8011,18
515,18
9350,18
9393,18
4100,18
97,17
94,17
1645,17
5984,17
427,17
9550,17
9099,17
8801,17
1099,17
179,17
9553,17
9674,17
4840,17
17000,17
30007,17
4242,17
6081,17
1443,17
1812,16
285,16
4182,16
10911,16
385,16
10120,16
4020,16
3189,16
4414,16
5631,16
2123,16
49159,16
4152,15
11435,15
9433,15
192,15
7771,15
1400,15
4545,15
222,15
4104,15
8434,15
7912,15
4050,15
3188,15
685,15
30303,15
4042,15
10244,15
33333,15
4298,15
2375,14
10095,14
54321,14
3672,14
8377,14
3671,14
4266,14
60010,14
10088,14
2023,14
9445,14
7717,14
6580,14
53556,14
16993,14
7105,14
343,14
7006,14
11111,14
7085,14
2380,14
3391,14
96,14
10134,14
3190,14
49674,13
4439,13
54322,13
8649,13
10245,13
7025,13
4284,13
485,13
347,13
60001,13
4381,13
49673,13
8900,13
448,13
3636,13
2022,13
7050,13
7086,13
34963,13
9758,13
64738,13
3337,13
4010,13
5566,13
10218,13
3400,13
400,13
9515,13
6488,13
10238,13
540,13
591,13
4014,13
49668,13
12434,13
5990,13
441,13
4520,13
30002,12
2376,12
43333,12
6775,12
12203,12
25,12
480,12
6688,12
6556,12
6601,12
602,12
8808,12
9353,12
6331,12
46324,12
451,12
7090,12
9454,12
45554,12
5632,12
243,12
30037,12
735,12
4437,12
6500,12
440,12
54443,12
30006,12
4088,12
6405,12
30003,12
4468,12
1725,12
41690,12
7707,12
7444,12
7020,12
7325,12
1985,12
7081,12
6561,11
7011,11
10909,11
7079,11
7799,11
6511,11
7441,11
4455,11
6100,11
1593,11
9532,11
2333,11
9527,11
7373,11
9026,11
49160,11
21434,11
6606,11
8015,11
61,11
632,11
462,11
9387,11
40005,11
4240,11
64321,11
6380,11
190,11
5995,11
7654,11
10096,11
34962,11
6779,11
6700,11
4252,11
7018,11
8024,10
7173,10
4310,10
6440,10
6021,10
6011,10
6061,10
6482,10
5992,10
7773,10
10122,10
556,10
453,10
4036,10
7687,10
5997,10
7172,10
7775,10
7774,10
12258,10
2332,10
6799,10
7087,10
7082,10
7015,10
5554,10
1337,10
8902,10
4522,10
7057,10
10116,10
60030,10
4108,10
7331,10
49163,10
3702,10
3335,10
4760,10
9351,10
60020,10
10058,10
3334,10
743,10
7403,10
34964,10
487,10
30012,10
5993,10
7088,10
7102,10
6352,10
6161,10
6603,10
6348,10
3478,9
34567,9
27016,9
5998,9
5672,9
7480,9
8078,9
51000,9
52010,9
7283,9
3196,9
7782,9
1333,9
7078,9
6755,9
1883,9
4294,9
491,9
3192,9
461,9
488,9
4344,9
7603,9
5989,9
6050,9
6400,9
6264,9
4118,9
7998,9
33443,9
6020,9
4030,9
8484,9
7349,9
5432,9
1022,8
7601,8
11443,8
12001,8
6605,8
6433,8
3194,8
6102,8
6686,8
6662,8
11290,8
7013,8
8877,8
7084,8
7946,8
4441,8
8878,8
1434,8
5991,8
2152,8
6070,8
447,8
442,8
60002,8
6036,8
10102,8
51001,8
51003,8
7801,8
6513,8
6514,8
6505,8
28443,8
5994,8
3191,8
700,8
2425,8
29876,8
48495,8
4117,8
802,8
6379,8
4046,8
8019,7
8810,7
8021,7
23023,7
4358,7
50996,7
772,7
4086,7
61613,7
30048,7
7016,7
7012,7
50008,7
7302,7
785,7
8051,7
50005,7
11285,7
452,7
8815,7
19071,7
3193,7
3195,7
3341,7
6503,7
6022,7
4786,7
8383,7
7790,7
189,7
4447,7
48888,7
6134,7
782,7
30008,7
7822,7
3456,7
51200,7
27015,7
4246,7
25000,7
7900,7
5999,7
7433,7
8034,7
4348,7
7980,7
7999,7
8100,7
7348,7
51201,7
4018,7
8901,7
30004,7
8876,7
25647,7
943,7
61616,6
7022,6
12440,6
4194,6
8079,6
8043,6
40029,6
6661,6
50004,6
6512,6
30013,6
21234,6
8039,6
8855,6
8868,6
8075,6
8018,6
1724,6
9027,6
4431,6
8912,6
50998,6
12319,6
234,6
20001,6
50010,6
7979,6
7445,6
10073,6
7510,6
5996,6
8836,6
8101,6
11423,6
7473,6
8991,6
3198,6
12192,6
60443,6
8913,6
8803,6
3197,6
4206,6
4524,6
7021,5
9011,5
8990,5
1988,5
11211,5
3555,5
809,5
12219,5
16666,5
3232,5
12110,5
3270,5
45001,5
3200,5
9034,5
5066,5
8833,5
8910,5
10230,5
4080,5
8055,5
8073,5
689,5
18083,5
8037,5
885,5
886,5
1002,5
13980,5
50999,5
833,5
29015,5
8817,5
8844,5
7083,5
36167,5
50969,5
8861,5
805,5
3551,5
8038,5
9024,5
9103,5
5439,5
4372,5
16402,5
8788,5
3784,5
3380,5
806,5
4422,5
17777,4
4899,4
26214,4
8066,4
25105,4
8017,4
19022,4
12289,4
8077,4
1103,4
1343,4
8543,4
53,4
7434,4
20080,4
8121,4
8811,4
8819,4
22434,4
8023,4
9311,4
8340,4
8016,4
8827,4
1235,4
51004,4
50997,4
8065,4
9033,4
2021,4
9181,4
8916,4
9035,4
8061,4
8905,4
28015,4
4499,4
5557,4
8406,4
9039,4
8872,4
30327,4
11436,4
18443,4
8915,4
9016,4
12194,4
4420,4
12400,4
29999,4
8864,4
9113,4
161,4
8414,4
830,4
9081,4
12266,4
31017,4
8806,4
8026,4
1355,4
1533,4
9066,4
8134,4
1188,4
51002,4
10434,4
8501,4
12111,4
8908,4
2210,4
8033,4
8028,4
18002,4
22533,4
9305,4
25565,4
9043,4
50007,3
50014,3
30101,3
15002,3
9097,3
1956,3
21001,3
14404,3
8027,3
13000,3
15001,3
15018,3
50009,3
4150,3
41000,3
40099,3
9218,3
8050,3
7800,3
1454,3
5140,3
8840,3
8528,3
9014,3
1377,3
4482,3
25001,3
1193,3
9307,3
9309,3
8054,3
9015,3
21305,3
8404,3
22,3
7869,3
12132,3
16006,3
1293,3
41434,3
11438,3
53434,3
21289,3
3349,3
12312,3
8115,3
18027,3
18005,3
12307,3
30123,3
31434,3
50013,3
8109,3
50011,3
9308,3
5263,3
18082,3
9299,3
12313,3
8103,3
5240,3
8074,3
9031,3
8063,3
50006,3
18034,3
36761,3
9105,3
21246,3
12197,3
5038,3
22111,3
9022,3
5501,3
8433,3
4095,3
7051,3
27443,3
11433,3
9019,3
12119,3
7103,3
15443,3
6510,3
9141,3
12243,3
12303,3
9221,3
12222,3
8980,3
8189,3
9106,3
9102,3
12167,3
30479,3
4783,3
1292,3
843,3
8459,3
8556,3
51294,3
22000,3
47989,3
8124,3
12206,3
16085,3
8411,3
12456,3
12383,3
3510,3
8127,3
5224,3
8451,3
12224,3
12124,3
8823,3
8822,3
8809,3
8802,3
8870,3
8869,3
8350,3
9148,3
8829,3
8873,3
138,3
8969,3
8943,3
9301,3
9216,3
8863,3
4060,3
8988,3
8860,3
8199,3
8108,3
8820,3
8071,3
8875,3
8047,3
21310,3
23,3
50760,3
12418,3
1013,3
8842,3
8510,3
8812,3
12578,3
8280,3
2762,3
8911,3
16001,3
831,3
8422,3
9122,3
9111,3
1250,3
33060,3
25010,3
30000,3
32001,3
18088,3
13333,3
1181,3
48869,3
1190,3
12557,3
40443,2
5503,2
12023,2
8581,2
38880,2
9018,2
12248,2
5544,2
8903,2
23434,2
5416,2
9907,2
22868,2
8132,2
11444,2
8430,2
61434,2
11760,2
22456,2
21773,2
9040,2
9037,2
9036,2
9021,2
21315,2
9045,2
3269,2
12187,2
1954,2
8475,2
8465,2
5671,2
5083,2
5022,2
22545,2
7862,2
6660,2
7117,2
8198,2
9182,2
3572,2
9280,2
9601,2
7101,2
12435,2
8186,2
30846,2
8190,2
12429,2
18022,2
49080,2
9205,2
2423,2
8596,2
8380,2
11555,2
45679,2
21321,2
12565,2
8564,2
27007,2
30892,2
27000,2
30692,2
44443,2
59656,2
12190,2
9203,2
30023,2
4400,2
8502,2
12458,2
7008,2
9222,2
8048,2
8041,2
12135,2
18153,2
8525,2
8524,2
8481,2
8230,2
7135,2
8585,2
2201,2
8424,2
10142,2
8192,2
8429,2
4434,2
8114,2
8107,2
8076,2
46162,2
18705,2
8191,2
55101,2
8472,2
2556,2
8415,2
37197,2
30406,2
50444,2
8418,2
8450,2
8503,2
53352,2
9210,2
8571,2
9170,2
2057,2
12306,2
8193,2
12751,2
22386,2
2063,2
3562,2
46315,2
8119,2
32901,2
3677,2
40070,2
35004,2
12274,2
12268,2
12263,2
12253,2
12226,2
56234,2
1283,2
1207,2
7747,2
30309,2
29317,2
3718,2
36655,2
5262,2
2639,2
9252,2
12309,2
8553,2
1485,2
4160,2
5229,2
4457,2
8549,2
21376,2
5254,2
5613,2
8558,2
44332,2
2065,2
2012,2
14909,2
953,2
1978,2
1500,2
1447,2
887,2
22636,2
29727,2
16696,2
9107,2
12140,2
12136,2
55221,2
51882,2
55608,2
53448,2
5276,2
5225,2
8482,2
8456,2
2599,2
12158,2
12105,2
1365,2
1180,2
8666,2
1304,2
56544,2
9289,2
9220,2
9138,2
12237,2
50525,2
29261,2
10421,2
35349,2
17702,2
12138,2
8879,2
8853,2
12318,2
12316,2
8322,2
18084,2
35002,2
8580,2
8570,2
8560,2
8550,2
8530,2
8520,2
8505,2
8504,2
14875,2
30945,2
37641,2
12292,2
12286,2
12270,2
12267,2
12252,2
16401,2
30104,2
23082,2
57188,2
12586,2
9075,2
1167,2
9117,2
18010,2
18064,2
18016,2
18015,2
18004,2
21255,2
20600,2
8830,2
5556,2
8453,2
8488,2
1444,2
9084,2
9207,2
8447,2
2050,2
8446,2
21284,2
49200,2
9071,2
46001,2
36934,2
832,2
32080,2
18113,2
40979,2
13940,2
19250,2
12255,2
12558,2
4333,2
21624,2
5500,2
2616,2
26470,2
12305,2
12122,2
8031,2
20053,2
3050,2
12201,2
8523,2
8442,2
5090,2
12233,2
21298,2
12260,2
2382,2
2345,2
2196,2
18556,2
18054,2
21245,2
12273,2
5011,2
4072,2
9119,2
46443,2
9110,2
30030,2
3500,2
33618,2
38323,2
28494,2
8457,2
50073,2
8410,2
9310,2
9304,2
9303,2
9302,2
8405,2
44672,2
5839,2
18382,2
15773,2
1983,2
2211,2
1957,2
11008,2
28413,2
24486,2
7585,2
8110,2
8036,2
21240,2
38908,2
9169,2
48650,2
53025,2
11850,2
5696,2
5227,2
58079,2
59413,2
58825,2
40670,2
5053,2
14101,2
2558,2
19164,2
23919,2
28365,2
23017,2
57219,2
12121,2
44363,2
5100,2
8563,2
3569,2
8403,2
8920,2
51217,2
51700,2
31158,2
57001,2
41029,2
17146,2
3550,2
5223,2
8843,2
8839,2
12116,2
12371,2
12106,2
12426,2
9236,2
9186,2
9144,2
8821,2
9134,2
8807,2
8805,2
11535,2
8791,2
19631,2
8172,2
21251,2
8867,2
8382,2
12082,2
8789,2
8577,2
8569,2
39558,2
47097,2
2296,2
38828,2
18638,2
43424,2
8847,2
8845,2
3952,2
3568,2
3553,2
9046,2
9136,2
9129,2
9098,2
8837,2
8831,2
8435,2
8826,2
2607,2
16034,2
56250,2
35832,2
9104,2
33434,2
18011,2
50022,2
50012,2
9230,2
9215,2
3402,2
9212,2
9175,2
9217,2
1031,2
2226,2
8857,2
8851,2
8850,2
4103,2
2893,2
31392,2
12311,2
12235,2
12186,2
10778,2
55603,2
21214,2
7891,2
8894,2
8862,2
9246,2
8824,2
8804,2
3406,2
3199,2
3727,2
55091,2
9253,2
8158,2
8157,2
8155,2
21259,2
9173,2
8046,2
8057,2
36984,2
8049,2
35100,2
22388,2
8070,2
8042,2
1989,2
8925,2
8440,2
8045,2
21304,2
39001,2
3540,2
31281,2
16849,2
30027,2
17618,2
33270,2
55532,2
4349,2
41359,2
8056,2
19017,2
19195,2
9079,2
19000,2
1153,2
7703,2
29146,2
58761,2
17506,2
4933,2
4148,2
998,2
50560,2
25933,2
33084,2
37747,2
5123,2
3554,2
8835,2
8540,2
5349,2
25034,2
8143,2
27009,2
18090,2
30021,2
30203,2
5172,2
3888,2
49838,2
31860,2
35427,2
12169,2
12101,2
12125,2
58738,2
22775,2
19082,2
12291,2
17001,2
18018,2
50042,2
46184,2
10646,2
9166,2
48524,2
21292,2
9013,2
55309,2
12441,2
12431,2
17740,2
4172,2
4316,2
2370,2
1195,2
8236,2
46395,2
26820,2
33737,2
36725,2
12285,2
12276,2
12221,2
8417,2
2605,2
2525,2
44510,2
16016,2
12117,2
18087,2
9434,2
21534,2
8729,2
34813,2
39010,2
35260,2
6653,2
18635,2
14571,2
9029,2
18008,2
48001,2
37277,2
30080,2
9192,2
4634,2
43407,2
10423,2
48329,2
17102,2
14407,2
12016,2
12533,2
25732,2
31001,2
8728,1
4646,1
8701,1
62,1
7890,1
12474,1
12488,1
2310,1
1121,1
2460,1
18029,1
9633,1
60389,1
3407,1
20182,1
12529,1
20110,1
47944,1
20404,1
44744,1
19114,1
14336,1
22532,1
46374,1
40589,1
22588,1
45291,1
53158,1
41639,1
43036,1
29927,1
27522,1
6105,1
1425,1
54120,1
21514,1
17691,1
21463,1
59794,1
23190,1
44954,1
58506,1
18313,1
42591,1
29442,1
1542,1
53056,1
23903,1
52884,1
2410,1
18827,1
17403,1
17604,1
43493,1
50359,1
16930,1
171,1
30650,1
51290,1
50170,1
12726,1
46199,1
7656,1
56684,1
30047,1
32670,1
27988,1
36649,1
33263,1
713,1
50795,1
912,1
59325,1
14658,1
28653,1
22286,1
17941,1
33265,1
2372,1
21515,1
42656,1
53281,1
7731,1
21217,1
3630,1
10775,1
34585,1
50813,1
59671,1
16746,1
58617,1
28309,1
29705,1
33785,1
4355,1
23463,1
8662,1
22497,1
4537,1
47371,1
32301,1
39228,1
17332,1
53372,1
52844,1
55679,1
16843,1
13960,1
44218,1
53420,1
4460,1
22706,1
50066,1
27096,1
45894,1
25702,1
34368,1
15303,1
19596,1
56031,1
41101,1
43410,1
38837,1
50617,1
59316,1
19159,1
31826,1
19806,1
50841,1
33854,1
17301,1
31917,1
26168,1
46921,1
4981,1
52944,1
34261,1
31308,1
49544,1
26496,1
57471,1
53065,1
37820,1
32902,1
23031,1
26781,1
59925,1
37390,1
28479,1
36701,1
28564,1
52179,1
35906,1
31364,1
25144,1
45909,1
8497,1
1145,1
56970,1
24996,1
38823,1
53512,1
18078,1
15052,1
53297,1
42308,1
56235,1
39493,1
45939,1
53366,1
53422,1
6952,1
47075,1
17083,1
37409,1
33450,1
40701,1
45823,1
25366,1
10717,1
28931,1
1211,1
56302,1
43265,1
34655,1
9290,1
38789,1
7669,1
59166,1
22390,1
42622,1
57711,1
44876,1
38058,1
1307,1
19004,1
30842,1
12534,1
58834,1
2547,1
58665,1
35621,1
53976,1
29076,1
41771,1
33605,1
7668,1
42489,1
26434,1
16756,1
53404,1
53427,1
56046,1
32984,1
59355,1
1258,1
12500,1
16764,1
43570,1
13312,1
10641,1
55537,1
14333,1
34480,1
53721,1
15481,1
53376,1
13394,1
32517,1
9975,1
22795,1
30219,1
4503,1
32134,1
14398,1
16061,1
30691,1
45152,1
26479,1
10130,1
56944,1
19997,1
57392,1
58668,1
46095,1
19200,1
12486,1
38513,1
11976,1
18560,1
43574,1
36673,1
43230,1
18130,1
5494,1
26429,1
27474,1
28513,1
7440,1
46193,1
53491,1
53988,1
46237,1
2499,1
30663,1
40695,1
36063,1
27536,1
30381,1
13176,1
51712,1
54271,1
24170,1
10674,1
45740,1
3323,1
3851,1
22579,1
42490,1
38273,1
60006,1
11808,1
35916,1
59442,1
24972,1
25224,1
36771,1
19703,1
50540,1
12200,1
12199,1
12378,1
40021,1
13026,1
775,1
2054,1
9180,1
18006,1
11432,1
53361,1
38721,1
37834,1
44408,1
18701,1
53353,1
12395,1
41813,1
12317,1
11602,1
12164,1
12181,1
4021,1
12368,1
12491,1
12245,1
12239,1
9251,1
9149,1
4093,1
12576,1
12297,1
30235,1
29274,1
2444,1
9461,1
18590,1
45212,1
23246,1
2381,1
12145,1
9760,1
12193,1
9126,1
3409,1
12277,1
32401,1
12131,1
12113,1
38157,1
16095,1
21057,1
9085,1
12275,1
36505,1
12462,1
12472,1
12220,1
9201,1
12144,1
9047,1
3410,1
57349,1
22536,1
1051,1
30117,1
12785,1
26138,1
59985,1
56108,1
12146,1
21500,1
36078,1
12166,1
18076,1
12511,1
8154,1
49121,1
9226,1
17857,1
29336,1
59504,1
57796,1
2995,1
5196,1
44400,1
21253,1
18092,1
32000,1
9187,1
12261,1
6445,1
21935,1
4704,1
50227,1
44808,1
18798,1
11094,1
40806,1
18096,1
18033,1
12264,1
3724,1
24499,1
5495,1
9146,1
12088,1
21328,1
5101,1
9165,1
2776,1
40496,1
9076,1
29796,1
21276,1
3814,1
9068,1
33412,1
8936,1
28946,1
12287,1
45666,1
12154,1
34500,1
9250,1
29462,1
29525,1
8492,1
9123,1
48747,1
26823,1
36156,1
9771,1
3025,1
18811,1
12369,1
12108,1
29628,1
7670,1
20500,1
5592,1
29056,1
9198,1
42443,1
31137,1
50854,1
30032,1
26956,1
9183,1
8767,1
12288,1
9124,1
5909,1
2710,1
559,1
8173,1
2147,1
9194,1
9184,1
16002,1
2561,1
9172,1
32444,1
12280,1
9130,1
3736,1
16039,1
9190,1
12217,1
15006,1
8704,1
12157,1
2522,1
9064,1
1968,1
9886,1
12459,1
40765,1
9017,1
12156,1
31380,1
12259,1
12519,1
12209,1
9524,1
12189,1
42208,1
35524,1
12179,1
5119,1
18062,1
21257,1
1994,1
12160,1
12008,1
12225,1
30215,1
6710,1
9245,1
12150,1
12195,1
9095,1
9910,1
20107,1
12161,1
25952,1
30087,1
30443,1
8593,1
5120,1
5235,1
45786,1
5251,1
1975,1
14896,1
29090,1
15100,1
11112,1
21268,1
31116,1
9178,1
36255,1
20574,1
12301,1
2074,1
44444,1
12137,1
9889,1
38080,1
16044,1
7416,1
9063,1
9120,1
12215,1
6129,1
28289,1
1960,1
9072,1
21247,1
8130,1
9070,1
32781,1
9174,1
12542,1
35554,1
12250,1
28128,1
25672,1
30010,1
9189,1
9150,1
28880,1
46274,1
12172,1
30120,1
12478,1
12234,1
12223,1
5242,1
14024,1
2048,1
3793,1
4023,1
5261,1
19300,1
22937,1
9127,1
23076,1
12381,1
44307,1
21250,1
33165,1
9283,1
1820,1
5274,1
5440,1
5917,1
6123,1
9049,1
3902,1
4212,1
8732,1
12294,1
11680,1
9196,1
12240,1
12207,1
3031,1
23373,1
9128,1
12103,1
12302,1
2305,1
9142,1
12109,1
8667,1
17070,1
23279,1
9243,1
9133,1
32346,1
12370,1
24579,1
9188,1
24234,1
25079,1
59113,1
21258,1
19019,1
23650,1
11838,1
22956,1
25214,1
2944,1
30070,1
37080,1
11701,1
12126,1
26358,1
12376,1
45003,1
12373,1
12428,1
12568,1
15504,1
16008,1
16028,1
16032,1
16037,1
16065,1
20100,1
43389,1
10059,1
22012,1
12242,1
10808,1
1986,1
38520,1
42420,1
61694,1
7067,1
18989,1
14090,1
7053,1
1116,1
23706,1
21056,1
11588,1
21256,1
21329,1
30113,1
36983,1
16081,1
44410,1
20040,1
11184,1
50160,1
12391,1
12559,1
2304,1
40133,1
4301,1
60100,1
40040,1
7901,1
42182,1
28282,1
7030,1
8640,1
8595,1
50103,1
1457,1
11343,1
33001,1
57380,1
43434,1
53083,1
11333,1
6064,1
7861,1
39998,1
18048,1
45668,1
16041,1
31343,1
3401,1
11486,1
20699,1
26250,1
61130,1
7866,1
22992,1
50728,1
21222,1
41596,1
19354,1
1451,1
2567,1
5568,1
5590,1
43946,1
30434,1
44311,1
22297,1
61333,1
11534,1
12091,1
11235,1
27106,1
40569,1
5913,1
8534,1
20381,1
30845,1
63000,1
11888,1
2195,1
11010,1
8204,1
9818,1
52045,1
8972,1
1143,1
6019,1
38105,1
35132,1
7887,1
18003,1
14432,1
11430,1
14408,1
34314,1
19021,1
8149,1
8586,1
9025,1
9028,1
9032,1
9038,1
12284,1
15003,1
30518,1
19100,1
12025,1
8610,1
48090,1
11451,1
3344,1
31662,1
21134,1
18085,1
30901,1
62434,1
56000,1
7987,1
6234,1
7304,1
8707,1
8895,1
12112,1
52000,1
5434,1
6825,1
13435,1
2156,1
8059,1
9158,1
5591,1
9153,1
5277,1
14406,1
9132,1
11223,1
9958,1
33310,1
21934,1
7043,1
48000,1
11334,1
34000,1
33393,1
8998,1
7123,1
20158,1
32707,1
38089,1
16768,1
56789,1
11034,1
8709,1
41838,1
1888,1
47434,1
9665,1
7988,1
30090,1
13765,1
21225,1
35434,1
9343,1
41015,1
3434,1
10365,1
7449,1
7270,1
60005,1
6015,1
27019,1
55966,1
5243,1
9911,1
6065,1
6012,1
10750,1
7092,1
8113,1
18026,1
1259,1
10085,1
16014,1
9634,1
13491,1
11439,1
28000,1
52984,1
5253,1
13434,1
9756,1
23301,1
9140,1
9163,1
12202,1
12295,1
12455,1
12470,1
12523,1
4892,1
11413,1
11456,1
11431,1
7017,1
9498,1
7345,1
9077,1
22444,1
14182,1
20800,1
21084,1
45000,1
2060,1
2072,1
30272,1
15432,1
10203,1
30225,1
18190,1
30009,1
30134,1
8131,1
6207,1
14343,1
2091,1
12236,1
7791,1
30422,1
9531,1
23456,1
57514,1
60987,1
16434,1
11005,1
20003,1
7686,1
7600,1
12438,1
19080,1
38894,1
12442,1
30038,1
22233,1
57169,1
204,1
33322,1
1204,1
33521,1
31578,1
14400,1
13131,1
11734,1
6542,1
6626,1
12439,1
16084,1
9061,1
3563,1
4435,1
32601,1
11560,1
28099,1
58785,1
25678,1
50124,1
12437,1
11657,1
7204,1
43411,1
49799,1
21876,1
6101,1
55001,1
8133,1
8168,1
8195,1
8196,1
8197,1
8203,1
8237,1
8239,1
8243,1
8248,1
8301,1
11024,1
47012,1
16098,1
8106,1
8117,1
8116,1
47000,1
9094,1
9147,1
12180,1
8137,1
8147,1
8184,1
8185,1
26257,1
8187,1
8029,1
8035,1
8044,1
31080,1
17580,1
32916,1
15672,1
5234,1
5238,1
8072,1
18094,1
19090,1
22103,1
20018,1
12134,1
44309,1
8067,1
8105,1
8104,1
34174,1
2428,1
57473,1
7521,1
41277,1
29283,1
12817,1
29248,1
49125,1
44953,1
51182,1
27945,1
26333,1
57761,1
55111,1
17551,1
28273,1
15679,1
9065,1
34387,1
34321,1
34644,1
29314,1
5397,1
43553,1
49031,1
32698,1
22471,1
57277,1
43269,1
20865,1
32944,1
5699,1
8120,1
8122,1
8128,1
25007,1
30444,1
9167,1
28816,1
40900,1
7530,1
49232,1
31677,1
11079,1
1322,1
13311,1
53365,1
44015,1
22710,1
18608,1
33909,1
20077,1
32353,1
14329,1
7543,1
18466,1
53364,1
30946,1
41854,1
53394,1
57456,1
45665,1
29719,1
53104,1
58168,1
25589,1
21575,1
28426,1
42191,1
51683,1
26236,1
29109,1
52943,1
30844,1
51981,1
45489,1
40012,1
48150,1
26856,1
35530,1
1308,1
8393,1
5606,1
37124,1
13175,1
36379,1
10270,1
34994,1
25886,1
648,1
17569,1
40876,1
51876,1
17590,1
25123,1
29835,1
37433,1
2559,1
38241,1
31219,1
41299,1
42562,1
32802,1
36460,1
38371,1
41734,1
19813,1
7029,1
32652,1
48426,1
18303,1
59301,1
39154,1
10768,1
43800,1
34441,1
19340,1
46982,1
7491,1
31226,1
22316,1
7740,1
39147,1
57163,1
7956,1
42433,1
40838,1
28890,1
40081,1
17658,1
55239,1
16563,1
13375,1
52166,1
54221,1
51865,1
25232,1
49362,1
58119,1
37318,1
22334,1
904,1
12058,1
34202,1
4577,1
54044,1
2614,1
35372,1
21498,1
6419,1
1119,1
32872,1
18260,1
39573,1
50274,1
39545,1
3448,1
13355,1
7584,1
54362,1
1456,1
9164,1
5904,1
5906,1
9057,1
1980,1
8587,1
21531,1
36153,1
40097,1
46232,1
38302,1
42873,1
2669,1
52862,1
17755,1
5266,1
4159,1
5241,1
9273,1
17152,1
13080,1
39497,1
59632,1
14388,1
19302,1
45519,1
12093,1
24425,1
38100,1
36611,1
7556,1
18071,1
46060,1
44373,1
29273,1
21269,1
15703,1
14200,1
4312,1
44946,1
17674,1
22407,1
5518,1
59119,1
52001,1
51344,1
9074,1
42901,1
5650,1
45796,1
54262,1
13322,1
2695,1
9544,1
31360,1
36154,1
56896,1
50260,1
50727,1
58636,1
13221,1
4648,1
1966,1
1982,1
1955,1
1964,1
1364,1
5446,1
9244,1
8621,1
5684,1
55561,1
12403,1
46214,1
55304,1
9249,1
15588,1
5910,1
16003,1
16027,1
16031,1
8634,1
12212,1
12230,1
12298,1
9131,1
9143,1
9171,1
8771,1
5273,1
5558,1
5567,1
2068,1
1605,1
16101,1
16400,1
17082,1
17772,1
17774,1
18044,1
12382,1
12402,1
12409,1
12432,1
12461,1
12468,1
12499,1
12525,1
12547,1
14880,1
44365,1
21297,1
30083,1
32303,1
18075,1
18182,1
18765,1
20200,1
21100,1
21200,1
21236,1
21244,1
16033,1
16064,1
16079,1
16082,1
34348,1
37858,1
9204,1
14006,1
7494,1
32922,1
19119,1
26757,1
9089,1
9202,1
9248,1
49501,1
21300,1
1952,1
2985,1
3412,1
11498,1
29441,1
12415,1
48880,1
31770,1
48572,1
51879,1
28271,1
40441,1
52689,1
51924,1
22998,1
37472,1
33381,1
29930,1
11721,1
42472,1
47354,1
9806,1
4759,1
11832,1
37389,1
24176,1
48281,1
37184,1
10942,1
2378,1
29490,1
34899,1
18651,1
47908,1
33476,1
12228,1
12484,1
14084,1
12539,1
9219,1
29597,1
9426,1
36919,1
23194,1
31621,1
32969,1
11088,1
13406,1
40491,1
55701,1
18905,1
8568,1
8573,1
8574,1
8575,1
8576,1
8578,1
8579,1
24442,1
31363,1
61688,1
7155,1
12454,1
12527,1
12213,1
12524,1
12178,1
8515,1
8519,1
8521,1
8526,1
8531,1
8532,1
8533,1
8536,1
8544,1
8548,1
8551,1
8557,1
8561,1
8562,1
8565,1
8566,1
8460,1
8461,1
8463,1
8462,1
8464,1
8466,1
8467,1
8470,1
8473,1
62078,1
8485,1
8493,1
8494,1
8506,1
8513,1
8514,1
8421,1
8423,1
8425,1
8426,1
8427,1
8428,1
8431,1
8432,1
8436,1
8441,1
8445,1
8448,1
8449,1
8452,1
8455,1
8458,1
49210,1
18060,1
48889,1
45886,1
16026,1
16069,1
8401,1
8402,1
8407,1
8408,1
8409,1
8413,1
8412,1
8416,1
8419,1
8420,1
32313,1
49171,1
2680,1
41743,1
47996,1
40473,1
15879,1
34228,1
763,1
42954,1
40906,1
6769,1
42467,1
31009,1
5683,1
1987,1
17237,1
7397,1
42965,1
54050,1
33583,1
49889,1
56283,1
3830,1
40908,1
22595,1
24997,1
17207,1
40580,1
21373,1
55062,1
34360,1
26840,1
19960,1
35559,1
8144,1
8135,1
8165,1
8164,1
42272,1
10309,1
11978,1
41052,1
21086,1
17975,1
53446,1
29667,1
23114,1
3842,1
9112,1
9162,1
24458,1
33758,1
34381,1
19085,1
38737,1
39607,1
28541,1
12096,1
2162,1
59297,1
49550,1
45687,1
21808,1
49798,1
10405,1
56200,1
26551,1
16723,1
41075,1
55456,1
42706,1
5064,1
56048,1
6901,1
12149,1
31109,1
4985,1
46110,1
41772,1
11172,1
24042,1
17592,1
59546,1
41893,1
58686,1
48871,1
23224,1
6642,1
22685,1
15456,1
36964,1
7611,1
47891,1
42300,1
59885,1
52921,1
50297,1
30614,1
28942,1
10158,1
7137,1
49990,1
30733,1
29213,1
40426,1
56298,1
4105,1
58481,1
46981,1
17455,1
27477,1
31412,1
51940,1
34561,1
43392,1
41372,1
29032,1
58082,1
17593,1
12656,1
24990,1
1569,1
26682,1
48717,1
48413,1
17130,1
41920,1
2465,1
50357,1
1388,1
2555,1
2560,1
21083,1
49606,1
29451,1
44677,1
53888,1
17159,1
52966,1
1708,1
11117,1
46940,1
7923,1
20713,1
59557,1
53649,1
26078,1
52709,1
45759,1
22462,1
11597,1
24528,1
45972,1
40511,1
55620,1
955,1
31491,1
14001,1
31701,1
58124,1
32673,1
58977,1
12026,1
22305,1
55559,1
32128,1
56007,1
54206,1
16912,1
27370,1
42762,1
25323,1
14039,1
17736,1
17248,1
44340,1
23777,1
38129,1
3662,1
15322,1
26238,1
43413,1
56137,1
52741,1
55997,1
39822,1
32909,1
15477,1
39207,1
5790,1
17553,1
18309,1
53109,1
2757,1
35675,1
41789,1
39802,1
52191,1
813,1
19088,1
55949,1
36224,1
4619,1
35043,1
21538,1
39387,1
10584,1
19099,1
54483,1
11654,1
50331,1
20136,1
53648,1
37723,1
29890,1
848,1
37238,1
55093,1
8736,1
33201,1
17120,1
14593,1
34223,1
38480,1
36454,1
32775,1
58801,1
45774,1
10432,1
40165,1
38535,1
50691,1
28043,1
40714,1
10415,1
19509,1
44763,1
28902,1
57750,1
11264,1
22733,1
59106,1
46401,1
7238,1
38893,1
29307,1
50279,1
23620,1
33668,1
20558,1
18852,1
36953,1
54711,1
2733,1
14688,1
40595,1
3560,1
1590,1
2240,1
3640,1
490,1
1490,1
3890,1
840,1
4790,1
1990,1
4090,1
11267,1
13374,1
40932,1
17993,1
4416,1
10174,1
16554,1
33865,1
34119,1
23899,1
23927,1
10961,1
57659,1
15728,1
2531,1
23819,1
50210,1
40244,1
6919,1
26314,1
28127,1
22708,1
52857,1
355,1
42361,1
43322,1
53614,1
34898,1
55895,1
24986,1
42549,1
49295,1
21503,1
33564,1
34978,1
44962,1
36544,1
56497,1
9883,1
26190,1
30806,1
44910,1
42334,1
28505,1
56033,1
29106,1
44870,1
50976,1
5219,1
34987,1
2299,1
28381,1
1040,1
3840,1
1640,1
4990,1
10389,1
5543,1
46297,1
28274,1
52613,1
4616,1
28189,1
29703,1
45272,1
16730,1
14193,1
22275,1
8813,1
8814,1
8816,1
34217,1
2714,1
17205,1
33457,1
13319,1
46393,1
48259,1
4982,1
39370,1
51325,1
5597,1
48443,1
9293,1
5741,1
58820,1
17654,1
15875,1
18834,1
36474,1
32883,1
58008,1
18823,1
14212,1
1407,1
48266,1
25669,1
5534,1
12436,1
8790,1
17585,1
57677,1
28665,1
22703,1
10183,1
20630,1
35881,1
34355,1
11609,1
7519,1
39307,1
55864,1
15201,1
29300,1
40369,1
25618,1
49301,1
58486,1
18369,1
9735,1
20233,1
12814,1
42593,1
33394,1
45732,1
21599,1
5126,1
37617,1
11505,1
13260,1
11996,1
58696,1
2636,1
32454,1
32636,1
45991,1
19133,1
53566,1
31387,1
38755,1
25138,1
1297,1
32347,1
58584,1
38973,1
50229,1
26380,1
29151,1
15745,1
59635,1
42872,1
42629,1
40691,1
10062,1
18428,1
36004,1
23955,1
7116,1
30843,1
2283,1
28474,1
53440,1
34983,1
26232,1
45361,1
52867,1
57733,1
2789,1
58183,1
51303,1
25244,1
17904,1
18093,1
40008,1
33599,1
41175,1
22401,1
44758,1
56873,1
1246,1
28465,1
48352,1
21464,1
55534,1
3746,1
37405,1
10487,1
55158,1
54254,1
36732,1
7636,1
7390,1
44557,1
26427,1
2336,1
46351,1
53913,1
53349,1
8825,1
8828,1
8832,1
8838,1
8841,1
8846,1
58703,1
52094,1
37337,1
18862,1
21690,1
19829,1
56009,1
12707,1
14664,1
15362,1
21403,1
13943,1
18873,1
40638,1
53120,1
29117,1
22487,1
17515,1
963,1
56905,1
28324,1
37234,1
29785,1
578,1
18952,1
19343,1
19847,1
42714,1
48067,1
44194,1
49616,1
19154,1
42798,1
25095,1
21525,1
33776,1
25051,1
42337,1
26373,1
13614,1
4120,1
8852,1
8854,1
8856,1
8858,1
8859,1
8871,1
20051,1
21572,1
17034,1
50470,1
53333,1
29962,1
9820,1
18111,1
41843,1
8906,1
8907,1
8935,1
9062,1
9121,1
3521,1
3530,1
3556,1
3558,1
3559,1
3561,1
3791,1
3792,1
3841,1
3953,1
3954,1
46992,1
5877,1
13317,1
33403,1
59614,1
17835,1
33167,1
17818,1
9470,1
4388,1
48013,1
9159,1
9211,1
9214,1
9213,1
8874,1
36533,1
16430,1
46495,1
13235,1
17713,1
52196,1
39273,1
18498,1
22823,1
6984,1
1135,1
36990,1
14818,1
19030,1
25270,1
50753,1
20228,1
51687,1
35397,1
39289,1
14618,1
23992,1
29234,1
25928,1
56817,1
567,1
32989,1
34036,1
26614,1
38947,1
5164,1
48914,1
40014,1
17785,1
12254,1
9732,1
12293,1
49755,1
32472,1
22509,1
46174,1
42520,1
59735,1
13159,1
23799,1
10681,1
44405,1
14104,1
43393,1
9285,1
56344,1
57317,1
31378,1
31851,1
56559,1
41418,1
53689,1
17007,1
2507,1
13923,1
37506,1
43190,1
13342,1
31329,1
19187,1
8898,1
8160,1
8252,1
54037,1
53005,1
27553,1
49640,1
31404,1
53409,1
41137,1
33797,1
34597,1
56485,1
37292,1
22724,1
33535,1
44140,1
56703,1
33332,1
1294,1
3570,1
49983,1
36595,1
10615,1
49525,1
21062,1
34747,1
10661,1
8992,1
29660,1
46367,1
36737,1
17478,1
27416,1
28250,1
18338,1
42115,1
34616,1
34897,1
2521,1
40712,1
13466,1
16524,1
53768,1
1632,1
50077,1
36845,1
48182,1
37474,1
9254,1
17223,1
7432,1
18963,1
25239,1
4772,1
18272,1
45119,1
53676,1
50078,1
32011,1
1,1
37713,1
25852,1
43082,1
55471,1
31587,1
3508,1
19868,1
53106,1
17820,1
25691,1
40450,1
21903,1
48428,1
45704,1
1165,1
42525,1
33786,1
48531,1
18714,1
23812,1
53293,1
53496,1
11761,1
32920,1
50782,1
58530,1
2073,1
24163,1
47729,1
8584,1
28405,1
40735,1
15949,1
35360,1
17129,1
25798,1
24987,1
32334,1
53161,1
35876,1
18326,1
34931,1
25692,1
58034,1
13340,1
25789,1
33907,1
25033,1
4750,1
53329,1
1472,1
54692,1
11920,1
15151,1
18239,1
5231,1
26699,1
33750,1
34713,1
58474,1
46464,1
53502,1
43515,1
26627,1
18536,1
15984,1
24033,1
59907,1
36584,1
43707,1
37465,1
49825,1
56150,1
56136,1
33411,1
47015,1
22996,1
59099,1
41164,1
25841,1
37016,1
17530,1
7673,1
35873,1
45772,1
37644,1
46949,1
32930,1
52517,1
2342,1
25248,1
16452,1
41228,1
52131,1
18287,1
11313,1
46127,1
55408,1
11686,1
8509,1
26409,1
17813,1
33777,1
42483,1
7523,1
50356,1
50141,1
42416,1
57462,1
18959,1
11239,1
53152,1
50135,1
39377,1
19233,1
19016,1
44100,1
8591,1
14901,1
14402,1
15042,1
20066,1
18383,1
28098,1
38449,1
40238,1
2383,1
7338,1
18660,1
14253,1
46954,1
5621,1
19824,1
26548,1
24517,1
13064,1
28521,1
28050,1
32825,1
7229,1
195,1
31275,1
56180,1
28794,1
53541,1
14401,1
3673,1
13368,1
52127,1
26782,1
33576,1
11547,1
12875,1
35828,1
20724,1
3206,1
45367,1
16940,1
30644,1
40548,1
51654,1
42377,1
54980,1
25770,1
4446,1
56306,1
2624,1
38455,1
50118,1
27491,1
55829,1
9329,1
49620,1
18558,1
50837,1
41053,1
11175,1
39258,1
48644,1
5800,1
2016,1
5353,1
15429,1
52235,1
33134,1
46948,1
6945,1
10794,1
48605,1
58279,1
56945,1
29393,1
11550,1
50463,1
48401,1
10336,1
43639,1
43702,1
49366,1
49753,1
29587,1
59660,1
48581,1
19349,1
25501,1
1378,1
50116,1
7037,1
42487,1
30378,1
21670,1
9176,1
9101,1
42892,1
40392,1
36000,1
43326,1
37303,1
35105,1
41796,1
32046,1
27965,1
2647,1
55047,1
30401,1
55361,1
35102,1
1070,1
18389,1
10412,1
8938,1
56976,1
57273,1
48147,1
48370,1
1232,1
53227,1
7610,1
3861,1
50972,1
17446,1
39939,1
58066,1
23432,1
56997,1
55569,1
22581,1
28366,1
3313,1
11178,1
57424,1
1760,1
32321,1
5436,1
29409,1
23798,1
22658,1
34130,1
39328,1
22758,1
46973,1
45762,1
11165,1
11262,1
22917,1
1147,1
4615,1
17921,1
17123,1
32999,1
49574,1
3815,1
45701,1
18477,1
55103,1
46507,1
43912,1
49571,1
40943,1
39451,1
16063,1
26369,1
20108,1
28445,1
52338,1
21387,1
39005,1
18599,1
36534,1
12975,1
12118,1
12120,1
12128,1
12148,1
12257,1
12299,1
24347,1
52946,1
40759,1
38671,1
18480,1
32068,1
17176,1
2261,1
5818,1
46275,1
18420,1
29651,1
18804,1
36549,1
17471,1
28051,1
31883,1
54407,1
41374,1
33656,1
48008,1
17631,1
7993,1
19668,1
11776,1
3623,1
33017,1
42032,1
58536,1
17793,1
58169,1
18410,1
51443,1
14546,1
3358,1
57585,1
46295,1
38881,1
18737,1
46841,1
28997,1
17843,1
51140,1
33637,1
22457,1
39337,1
10709,1
33197,1
55443,1
2081,1
1599,1
35000,1
21025,1
6633,1
11210,1
17778,1
1925,1
28597,1
50204,1
32818,1
32060,1
36115,1
26155,1
43556,1
55951,1
2763,1
56122,1
57730,1
17979,1
38793,1
44383,1
18517,1
37646,1
7031,1
7917,1
9920,1
56591,1
36645,1
53750,1
32947,1
18815,1
39631,1
44398,1
33595,1
35724,1
53097,1
19125,1
28408,1
9642,1
26603,1
53756,1
4486,1
41275,1
2015,1
11653,1
16732,1
16738,1
43405,1
26267,1
10184,1
2485,1
40892,1
7593,1
23236,1
21504,1
33721,1
40299,1
16127,1
12389,1
12414,1
12425,1
12450,1
12457,1
12141,1
42970,1
56294,1
34099,1
33828,1
44956,1
31448,1
38102,1
13384,1
23269,1
2927,1
53044,1
21561,1
56701,1
38872,1
24540,1
26357,1
56423,1
26335,1
2519,1
46233,1
1458,1
1959,1
33813,1
9612,1
47274,1
35069,1
51522,1
5049,1
57834,1
23982,1
57830,1
18279,1
52743,1
54800,1
43710,1
36225,1
36293,1
18830,1
42444,1
43980,1
57366,1
43641,1
8527,1
48885,1
25972,1
24779,1
19440,1
3611,1
13822,1
36236,1
22473,1
18745,1
15870,1
13426,1
26726,1
39385,1
58615,1
58656,1
45728,1
16962,1
5932,1
43494,1
40410,1
44404,1
56193,1
38779,1
35081,1
39553,1
57125,1
31445,1
7113,1
49971,1
12597,1
17330,1
40558,1
45940,1
4989,1
31191,1
29276,1
8657,1
26466,1
17501,1
32113,1
49312,1
11930,1
45904,1
49834,1
18487,1
42602,1
14009,1
10478,1
1445,1
41319,1
3465,1
41012,1
56681,1
19728,1
36663,1
55902,1
48508,1
57210,1
764,1
12874,1
52018,1
57423,1
40534,1
4758,1
34481,1
12826,1
3417,1
32749,1
4705,1
12787,1
23115,1
44065,1
18557,1
7506,1
51774,1
57874,1
34221,1
27351,1
50612,1
7157,1
37592,1
55724,1
44374,1
42219,1
50483,1
38280,1
16068,1
9401,1
31736,1
47896,1
18812,1
874,1
15302,1
44514,1
27489,1
12763,1
51887,1
12812,1
17475,1
40781,1
52705,1
3437,1
1350,1
39306,1
23293,1
49415,1
51650,1
31964,1
52721,1
2937,1
42663,1
26089,1
28444,1
26397,1
13139,1
29937,1
45457,1
37497,1
42840,1
40366,1
10426,1
18021,1
40661,1
54462,1
27892,1
28865,1
26523,1
53435,1
33921,1
34974,1
19681,1
18462,1
43676,1
12815,1
57699,1
37483,1
57496,1
17418,1
40378,1
58768,1
32463,1
32809,1
2256,1
991,1
23971,1
56916,1
53856,1
54209,1
26388,1
5649,1
24030,1
10363,1
58618,1
48420,1
54845,1
14480,1
52975,1
18860,1
56663,1
45188,1
54341,1
18305,1
11971,1
28486,1
58770,1
17892,1
39805,1
35653,1
50286,1
18814,1
23290,1
21218,1
21524,1
11640,1
51986,1
12464,1
12473,1
12481,1
12487,1
12497,1
12507,1
12508,1
12522,1
12538,1
12552,1
25006,1
16102,1
44422,1
39444,1
9940,1
55255,1
59256,1
4858,1
47200,1
43367,1
34123,1
39446,1
52636,1
50537,1
46558,1
33880,1
29663,1
38386,1
30232,1
50725,1
3710,1
53088,1
33538,1
57115,1
57089,1
45979,1
16829,1
54169,1
46240,1
31661,1
3932,1
35983,1
14533,1
45934,1
1215,1
2829,1
50385,1
58592,1
26207,1
7699,1
33219,1
11795,1
34320,1
23429,1
54266,1
22166,1
5622,1
43471,1
22638,1
1487,1
59307,1
21421,1
6382,1
21557,1
12589,1
18050,1
13268,1
18276,1
15833,1
5187,1
52779,1
19151,1
11053,1
58013,1
28937,1
27023,1
37267,1
30954,1
18200,1
31509,1
42434,1
56955,1
8738,1
47144,1
41880,1
57117,1
25245,1
58614,1
27627,1
20418,1
23975,1
42419,1
28236,1
31356,1
29003,1
5707,1
6442,1
33072,1
30018,1
52854,1
25859,1
41688,1
51818,1
4207,1
26443,1
59523,1
12198,1
59212,1
10111,1
1435,1
9315,1
26,1
11345,1
21454,1
12518,1
26009,1
9984,1
23886,1
24161,1
34334,1
48228,1
18678,1
17143,1
10719,1
7179,1
3625,1
51546,1
28525,1
17453,1
39510,1
6702,1
53265,1
13096,1
53857,1
53419,1
3760,1
5493,1
48858,1
55045,1
61222,1
9312,1
9313,1
41422,1
13006,1
14526,1
9430,1
17817,1
19926,1
699,1
33078,1
11179,1
56620,1
25102,1
17829,1
58534,1
55192,1
40407,1
12011,1
48526,1
48453,1
7361,1
48244,1
56719,1
32758,1
12567,1
44872,1
57451,1
28115,1
13072,1
33427,1
42826,1
17540,1
17602,1
18940,1
57626,1
55977,1
57670,1
13302,1
38350,1
25190,1
29819,1
14391,1
44520,1
52398,1
22611,1
21723,1
26428,1
58477,1
9639,1
4386,1
11684,1
18156,1
19179,1
33514,1
54121,1
12642,1
31775,1
11026,1
26732,1
48668,1
48234,1
30864,1
26177,1
10150,1
4340,1
49735,1
37408,1
27490,1
53310,1
39464,1
3026,1
57513,1
42435,1
13024,1
11081,1
17113,1
19637,1
7897,1
1453,1
13195,1
17517,1
37271,1
613,1
25620,1
27212,1
53816,1
12738,1
50429,1
11910,1
37579,1
13790,1
21888,1
18531,1
1758,1
1416,1
26268,1
27586,1
37544,1
49207,1
2427,1
18089,1
19091,1
20010,1
21318,1
21322,1
22022,1
36657,1
45111,1
22690,1
44445,1
32596,1
18524,1
17577,1
57091,1
41020,1
29938,1
37655,1
11191,1
41180,1
42651,1
23880,1
50699,1
32547,1
57467,1
58736,1
53247,1
38037,1
21813,1
33857,1
42447,1
48208,1
49212,1
41250,1
11993,1
57446,1
57610,1
46340,1
52265,1
13201,1
7056,1
13164,1
48120,1
43787,1
45604,1
50233,1
19773,1
48961,1
2393,1
2061,1
18181,1
32260,1
48557,1
1197,1
34836,1
17424,1
54166,1
13167,1
51514,1
22672,1
38453,1
33518,1
30973,1
53009,1
32429,1
36188,1
5944,1
57402,1
36840,1
17181,1
40316,1
40273,1
3573,1
33447,1
57520,1
18826,1
36880,1
40592,1
56925,1
56231,1
58599,1
50178,1
34850,1
22791,1
913,1
25185,1
27334,1
59181,1
22756,1
58158,1
30490,1
7715,1
40657,1
17282,1
55552,1
20034,1
16478,1
12805,1
24548,1
30787,1
7181,1
5785,1
44355,1
22740,1
55580,1
5124,1
1340,1
50347,1
38645,1
37583,1
6670,1
29260,1
22926,1
15555,1
15502,1
8315,1
29287,1
48374,1
39226,1
15805,1
12969,1
36129,1
44270,1
29642,1
59184,1
33452,1
37374,1
43954,1
4092,1
22317,1
45642,1
50031,1
18429,1
52971,1
1996,1
29949,1
32542,1
28610,1
36377,1
40708,1
11982,1
35168,1
44463,1
36569,1
4974,1
22639,1
30226,1
20412,1
20642,1
10271,1
35416,1
16915,1
17399,1
7268,1
28666,1
52995,1
53105,1
14496,1
46419,1
11128,1
28493,1
33448,1
23245,1
21815,1
39641,1
39945,1
44821,1
37274,1
36491,1
17166,1
33746,1
16780,1
45363,1
867,1
27274,1
39627,1
48868,1
33280,1
43080,1
12828,1
56164,1
25896,1
28400,1
39253,1
25066,1
21441,1
35946,1
16271,1
52207,1
34867,1
52142,1
34703,1
53203,1
22404,1
53881,1
2511,1
43616,1
58450,1
22664,1
20105,1
43300,1
50326,1
51881,1
25173,1
59074,1
32144,1
611,1
29231,1
18031,1
29600,1
15366,1
29195,1
32838,1
14052,1
2488,1
11159,1
52595,1
30274,1
11986,1
17775,1
37435,1
5059,1
23391,1
43699,1
29898,1
31734,1
19444,1
19623,1
14049,1
2551,1
58523,1
32200,1
10472,1
7142,1
38584,1
35609,1
35464,1
33409,1
30210,1
52503,1
48738,1
51922,1
55244,1
45571,1
40896,1
46996,1
23664,1
46857,1
55817,1
30293,1
30682,1
56968,1
53033,1
10569,1
17165,1
17825,1
44476,1
30039,1
32624,1
32789,1
42177,1
48568,1
7280,1
32885,1
3774,1
56219,1
765,1
21430,1
57660,1
14140,1
46366,1
3432,1
57491,1
8053,1
20512,1
21312,1
21302,1
9058,1
1831,1
9699,1
1437,1
33791,1
25384,1
26626,1
3396,1
17498,1
41192,1
28829,1
29830,1
21400,1
35240,1
35241,1
38661,1
19111,1
46108,1
53834,1
57506,1
55595,1
9337,1
50494,1
19948,1
46116,1
30994,1
35449,1
21488,1
32959,1
49358,1
34606,1
48156,1
5661,1
16607,1
20995,1
42544,1
53291,1
39624,1
41423,1
10686,1
30472,1
56307,1
37359,1
37456,1
44560,1
44414,1
52380,1
18761,1
10313,1
42991,1
19199,1
40461,1
46080,1
57806,1
41035,1
33534,1
56846,1
4809,1
26356,1
14449,1
52143,1
7633,1
817,1
5669,1
46312,1
49429,1
18738,1
33982,1
53567,1
24927,1
19800,1
8588,1
31467,1
54767,1
10312,1
51542,1
40655,1
14874,1
15660,1
24207,1
57405,1
17720,1
40363,1
15756,1
29113,1
42475,1
7623,1
29230,1
41735,1
7495,1
35820,1
12390,1
51959,1
40754,1
18721,1
33757,1
37296,1
14330,1
45266,1
56346,1
3734,1
46762,1
36886,1
5584,1
19212,1
39107,1
42601,1
2768,1
31867,1
29408,1
18183,1
42631,1
55421,1
39399,1
12444,1
29870,1
46172,1
50904,1
32183,1
52714,1
12413,1
5687,1
12846,1
10473,1
1468,1
38206,1
24957,1
33279,1
36407,1
23852,1
14615,1
55617,1
41125,1
58461,1
4549,1
56271,1
56560,1
56081,1
5849,1
9460,1
7815,1
57166,1
44615,1
17158,1
31466,1
32289,1
48567,1
43490,1
10304,1
16779,1
45470,1
10275,1
54943,1
13151,1
31871,1
57275,1
9152,1
49340,1
48744,1
31318,1
42851,1
27456,1
42745,1
33399,1
32236,1
53436,1
41268,1
33899,1
30817,1
56190,1
17742,1
30810,1
55292,1
2750,1
40837,1
48502,1
44933,1
37422,1
4423,1
2740,1
15245,1
13966,1
33090,1
36294,1
59866,1
31293,1
13039,1
22397,1
39330,1
11107,1
41292,1
56,1
20553,1
44729,1
29456,1
8539,1
49477,1
16112,1
44608,1
48927,1
29850,1
43032,1
26167,1
58638,1
55486,1
39396,1
55841,1
29951,1
44036,1
55322,1
34297,1
51209,1
52976,1
49643,1
12009,1
11880,1
42948,1
27632,1
53627,1
38681,1
19128,1
26822,1
18828,1
47746,1
34665,1
15899,1
45085,1
29209,1
57370,1
45856,1
41375,1
52453,1
10542,1
41760,1
38762,1
41908,1
59515,1
36335,1
33470,1
41027,1
47470,1
54858,1
55227,1
25934,1
53538,1
47185,1
17077,1
10593,1
48368,1
5112,1
18630,1
58590,1
43775,1
16769,1
7552,1
43219,1
37418,1
27310,1
56090,1
35062,1
46159,1
15961,1
48737,1
48298,1
41005,1
4495,1
29459,1
16704,1
34304,1
42293,1
39843,1
33869,1
13826,1
57093,1
2041,1
17283,1
2472,1
2659,1
52073,1
30836,1
56674,1
22712,1
3576,1
18509,1
45769,1
2259,1
15710,1
26868,1
36221,1
18620,1
56770,1
11881,1
26550,1
48687,1
40963,1
50827,1
25806,1
59664,1
10944,1
10213,1
5939,1
5814,1
41327,1
17828,1
10190,1
25002,1
57426,1
38986,1
26006,1
38179,1
35067,1
1504,1
9882,1
23426,1
7968,1
42766,1
2238,1
23109,1
18632,1
45793,1
43847,1
35031,1
28492,1
17895,1
27193,1
19539,1
53504,1
55687,1
33073,1
8958,1
37885,1
9268,1
849,1
31242,1
40802,1
57603,1
26273,1
8780,1
40998,1
33799,1
56531,1
4979,1
703,1
54960,1
44951,1
45681,1
5013,1
59257,1
39209,1
28509,1
50828,1
48582,1
45235,1
19121,1
10620,1
41160,1
53515,1
39461,1
53081,1
9373,1
2446,1
29749,1
2546,1
27565,1
26202,1
3726,1
10786,1
28064,1
52458,1
33716,1
59115,1
40346,1
50954,1
55003,1
39286,1
49810,1
57482,1
35269,1
18463,1
31703,1
3837,1
47668,1
52037,1
54989,1
7075,1
22632,1
21205,1
32808,1
55684,1
47321,1
50163,1
35256,1
35352,1
23006,1
18636,1
18578,1
55575,1
43751,1
12561,1
13796,1
2387,1
28384,1
55939,1
32837,1
7544,1
14251,1
15881,1
25474,1
4178,1
31598,1
16953,1
56178,1
31823,1
15698,1
54774,1
17187,1
29710,1
46334,1
32256,1
37115,1
22936,1
30814,1
40885,1
21851,1
53142,1
27468,1
55796,1
32806,1
50325,1
1243,1
24078,1
50363,1
50519,1
46310,1
32983,1
41162,1
12085,1
57632,1
10165,1
9546,1
55409,1
27771,1
52096,1
34436,1
50093,1
12840,1
18167,1
41165,1
10919,1
10637,1
26515,1
18741,1
53157,1
6824,1
21691,1
20067,1
54377,1
21384,1
12019,1
46235,1
18795,1
57258,1
19964,1
41191,1
53735,1
56998,1
737,1
12010,1
21417,1
10998,1
40649,1
46512,1
23401,1
55813,1
23867,1
56842,1
58812,1
45720,1
51346,1
58155,1
35529,1
30085,1
54944,1
17811,1
5489,1
55138,1
55237,1
33804,1
15806,1
29494,1
1053,1
1223,1
17539,1
56285,1
19464,1
3612,1
1276,1
52914,1
56468,1
10386,1
3203,1
41091,1
37715,1
50485,1
12830,1
51950,1
3236,1
16762,1
1937,1
29751,1
37665,1
36240,1
46915,1
21101,1
17322,1
42980,1
19083,1
51738,1
50630,1
21346,1
38511,1
17257,1
43360,1
43415,1
40681,1
5467,1
17677,1
22687,1
14315,1
43657,1
52858,1
2042,1
18569,1
18789,1
41454,1
22717,1
19729,1
13504,1
5089,1
5105,1
5130,1
5135,1
5150,1
5160,1
5180,1
5201,1
5226,1
11440,1
41073,1
35782,1
37280,1
53060,1
32835,1
55990,1
4463,1
4466,1
4477,1
4488,1
4502,1
4510,1
4528,1
4530,1
4543,1
4572,1
4602,1
4620,1
4643,1
4700,1
4821,1
4993,1
4244,1
4250,1
8318,1
8179,1
8317,1
11481,1
2552,1
45002,1
45006,1
32202,1
45039,1
4401,1
4402,1
4432,1
4436,1
4438,1
21320,1
21295,1
2233,1
21270,1
21235,1
21243,1
3403,1
3549,1
3552,1
3566,1
3590,1
3622,1
44323,1
4330,1
4165,1
4243,1
9179,1
8700,1
8723,1
8152,1
8283,1
22122,1
21290,1
21264,1
21285,1
21242,1
21326,1
21277,1
21330,1
21233,1
21280,1
21271,1
38769,1
50358,1
40240,1
50255,1
34615,1
26873,1
45128,1
40358,1
36093,1
12849,1
56043,1
7400,1
2626,1
1291,1
1366,1
9125,1
10107,1
28349,1
12304,1
26084,1
3762,1
4591,1
39249,1
15092,1
29896,1
24914,1
25849,1
23015,1
51901,1
8746,1
5722,1
28802,1
31794,1
33271,1
48635,1
31836,1
34829,1
56782,1
28239,1
26444,1
15269,1
17796,1
57124,1
18901,1
41048,1
39441,1
38601,1
51249,1
31206,1
11856,1
27766,1
42451,1
48599,1
40941,1
7620,1
26921,1
13324,1
18336,1
37023,1
7792,1
11788,1
54555,1
27923,1
55163,1
8308,1
56814,1
45637,1
16675,1
56105,1
46423,1
15844,1
38488,1
24513,1
43168,1
12905,1
4383,1
10211,1
34816,1
35944,1
27152,1
11581,1
18763,1
8166,1
8167,1
12618,1
53252,1
43315,1
45978,1
58682,1
4584,1
18750,1
28208,1
16411,1
37153,1
11814,1
37469,1
20779,1
33772,1
18470,1
14467,1
28572,1
11988,1
43233,1
45582,1
44468,1
43083,1
41187,1
33032,1
12555,1
10403,1
37559,1
57611,1
36656,1
58690,1
51304,1
36918,1
2921,1
35118,1
26043,1
18206,1
5595,1
51925,1
17189,1
8496,1
47869,1
57243,1
39958,1
53677,1
10602,1
29528,1
17830,1
6540,1
7236,1
32696,1
46897,1
15737,1
52440,1
34380,1
58650,1
55189,1
36274,1
52623,1
1713,1
33074,1
2528,1
33940,1
55264,1
74,1
29509,1
29633,1
49549,1
10301,1
690,1
14385,1
31414,1
1940,1
4738,1
23385,1
23278,1
36650,1
48832,1
7026,1
21512,1
17536,1
55613,1
50082,1
36029,1
17295,1
12094,1
17199,1
42516,1
7527,1
25511,1
31993,1
58678,1
19170,1
5634,1
49414,1
13306,1
32460,1
38557,1
34907,1
10656,1
18101,1
39152,1
35988,1
53579,1
46252,1
53997,1
22369,1
45281,1
32108,1
39784,1
55296,1
48807,1
48511,1
44337,1
48181,1
55476,1
38622,1
32882,1
48655,1
10847,1
13431,1
42761,1
26211,1
17578,1
12155,1
43782,1
58571,1
2892,1
50678,1
58029,1
41294,1
37761,1
27618,1
1065,1
11974,1
43361,1
18481,1
59235,1
33699,1
17701,1
18478,1
34864,1
27500,1
34863,1
45631,1
2069,1
33614,1
13862,1
27640,1
40493,1
28563,1
40089,1
7471,1
18673,1
58468,1
30607,1
37029,1
44344,1
8062,1
7019,1
16424,1
29318,1
51927,1
24196,1
40476,1
10098,1
41143,1
49747,1
33782,1
16094,1
18694,1
50409,1
2363,1
44305,1
5265,1
25423,1
32785,1
65001,1
6160,1
2025,1
2234,1
1459,1
8724,1
57861,1
1969,1
1965,1
2200,1
4661,1
13001,1
21323,1
8,1
5,1
10579,1
455,1
12443,1
2360,1
1090,1
30280,1
9623,1
8601,1
52989,1
21002,1
162,1
59777,1
2413,1
31346,1
54180,1
12227,1
3405,1
21299,1
5666,1
18070,1
6599,1
12171,1
47,1
12580,1
8381,1
10949,1
1001,1
257,1
6739,1
